safenlp_2024,onnx/medical/perturbations_0.onnx,vnnlib/medical/hyperrectangle_418.vnnlib,prepared,sat,0.04
safenlp_2024,onnx/ruarobot/perturbations_0.onnx,vnnlib/ruarobot/hyperrectangle_992.vnnlib,prepared,timeout,30.32
safenlp_2024,onnx/ruarobot/perturbations_0.onnx,vnnlib/ruarobot/hyperrectangle_132.vnnlib,prepared,sat,0.04
safenlp_2024,onnx/ruarobot/perturbations_0.onnx,vnnlib/ruarobot/hyperrectangle_2674.vnnlib,prepared,sat,0.19
safenlp_2024,onnx/medical/perturbations_0.onnx,vnnlib/medical/hyperrectangle_2839.vnnlib,prepared,unsat,5.08
safenlp_2024,onnx/ruarobot/perturbations_0.onnx,vnnlib/ruarobot/hyperrectangle_6891.vnnlib,prepared,sat,0.04
safenlp_2024,onnx/ruarobot/perturbations_0.onnx,vnnlib/ruarobot/hyperrectangle_1921.vnnlib,prepared,sat,0.04
safenlp_2024,onnx/ruarobot/perturbations_0.onnx,vnnlib/ruarobot/hyperrectangle_3558.vnnlib,prepared,unsat,19
safenlp_2024,onnx/medical/perturbations_0.onnx,vnnlib/medical/hyperrectangle_2884.vnnlib,prepared,unsat,5.04
safenlp_2024,onnx/ruarobot/perturbations_0.onnx,vnnlib/ruarobot/hyperrectangle_6394.vnnlib,prepared,unsat,5.20
safenlp_2024,onnx/medical/perturbations_0.onnx,vnnlib/medical/hyperrectangle_2330.vnnlib,prepared,unsat,5.07
safenlp_2024,onnx/medical/perturbations_0.onnx,vnnlib/medical/hyperrectangle_2626.vnnlib,prepared,unsat,5.08
safenlp_2024,onnx/ruarobot/perturbations_0.onnx,vnnlib/ruarobot/hyperrectangle_3536.vnnlib,prepared,sat,0.05
safenlp_2024,onnx/ruarobot/perturbations_0.onnx,vnnlib/ruarobot/hyperrectangle_5651.vnnlib,prepared,sat,0.04
safenlp_2024,onnx/ruarobot/perturbations_0.onnx,vnnlib/ruarobot/hyperrectangle_4032.vnnlib,prepared,sat,0.04
safenlp_2024,onnx/ruarobot/perturbations_0.onnx,vnnlib/ruarobot/hyperrectangle_6209.vnnlib,prepared,sat,0.05
safenlp_2024,onnx/medical/perturbations_0.onnx,vnnlib/medical/hyperrectangle_1590.vnnlib,prepared,unsat,5.09
safenlp_2024,onnx/ruarobot/perturbations_0.onnx,vnnlib/ruarobot/hyperrectangle_2411.vnnlib,prepared,sat,24.98
safenlp_2024,onnx/medical/perturbations_0.onnx,vnnlib/medical/hyperrectangle_83.vnnlib,prepared,unsat,5.33
safenlp_2024,onnx/ruarobot/perturbations_0.onnx,vnnlib/ruarobot/hyperrectangle_706.vnnlib,prepared,sat,0.04
safenlp_2024,onnx/ruarobot/perturbations_0.onnx,vnnlib/ruarobot/hyperrectangle_2809.vnnlib,prepared,sat,0.04
safenlp_2024,onnx/ruarobot/perturbations_0.onnx,vnnlib/ruarobot/hyperrectangle_1889.vnnlib,prepared,unsat,20
safenlp_2024,onnx/medical/perturbations_0.onnx,vnnlib/medical/hyperrectangle_1255.vnnlib,prepared,unsat,5.16
safenlp_2024,onnx/ruarobot/perturbations_0.onnx,vnnlib/ruarobot/hyperrectangle_486.vnnlib,prepared,sat,0.04
safenlp_2024,onnx/ruarobot/perturbations_0.onnx,vnnlib/ruarobot/hyperrectangle_6440.vnnlib,prepared,sat,0.04
safenlp_2024,onnx/medical/perturbations_0.onnx,vnnlib/medical/hyperrectangle_162.vnnlib,prepared,unsat,5.28
safenlp_2024,onnx/medical/perturbations_0.onnx,vnnlib/medical/hyperrectangle_1899.vnnlib,prepared,unsat,0.04
safenlp_2024,onnx/medical/perturbations_0.onnx,vnnlib/medical/hyperrectangle_2660.vnnlib,prepared,sat,0.04
safenlp_2024,onnx/medical/perturbations_0.onnx,vnnlib/medical/hyperrectangle_2421.vnnlib,prepared,unsat,5.20
safenlp_2024,onnx/ruarobot/perturbations_0.onnx,vnnlib/ruarobot/hyperrectangle_883.vnnlib,prepared,sat,0.04
safenlp_2024,onnx/ruarobot/perturbations_0.onnx,vnnlib/ruarobot/hyperrectangle_1268.vnnlib,prepared,sat,0.04
safenlp_2024,onnx/ruarobot/perturbations_0.onnx,vnnlib/ruarobot/hyperrectangle_956.vnnlib,prepared,sat,0.04
safenlp_2024,onnx/ruarobot/perturbations_0.onnx,vnnlib/ruarobot/hyperrectangle_859.vnnlib,prepared,unsat,5.15
safenlp_2024,onnx/ruarobot/perturbations_0.onnx,vnnlib/ruarobot/hyperrectangle_3159.vnnlib,prepared,unsat,5.08
safenlp_2024,onnx/ruarobot/perturbations_0.onnx,vnnlib/ruarobot/hyperrectangle_6504.vnnlib,prepared,sat,0.06
safenlp_2024,onnx/ruarobot/perturbations_0.onnx,vnnlib/ruarobot/hyperrectangle_6856.vnnlib,prepared,sat,0.05
safenlp_2024,onnx/ruarobot/perturbations_0.onnx,vnnlib/ruarobot/hyperrectangle_1784.vnnlib,prepared,sat,0.04
safenlp_2024,onnx/medical/perturbations_0.onnx,vnnlib/medical/hyperrectangle_990.vnnlib,prepared,unsat,0.04
safenlp_2024,onnx/ruarobot/perturbations_0.onnx,vnnlib/ruarobot/hyperrectangle_3147.vnnlib,prepared,sat,0.04
safenlp_2024,onnx/ruarobot/perturbations_0.onnx,vnnlib/ruarobot/hyperrectangle_3493.vnnlib,prepared,sat,0.04
safenlp_2024,onnx/ruarobot/perturbations_0.onnx,vnnlib/ruarobot/hyperrectangle_2470.vnnlib,prepared,sat,0.04
safenlp_2024,onnx/ruarobot/perturbations_0.onnx,vnnlib/ruarobot/hyperrectangle_522.vnnlib,prepared,sat,0.04
safenlp_2024,onnx/ruarobot/perturbations_0.onnx,vnnlib/ruarobot/hyperrectangle_2267.vnnlib,prepared,unsat,5.07
safenlp_2024,onnx/ruarobot/perturbations_0.onnx,vnnlib/ruarobot/hyperrectangle_3997.vnnlib,prepared,unsat,6.73
safenlp_2024,onnx/ruarobot/perturbations_0.onnx,vnnlib/ruarobot/hyperrectangle_1181.vnnlib,prepared,unsat,24
safenlp_2024,onnx/ruarobot/perturbations_0.onnx,vnnlib/ruarobot/hyperrectangle_7614.vnnlib,prepared,unsat,5.06
safenlp_2024,onnx/ruarobot/perturbations_0.onnx,vnnlib/ruarobot/hyperrectangle_5876.vnnlib,prepared,sat,0.04
safenlp_2024,onnx/medical/perturbations_0.onnx,vnnlib/medical/hyperrectangle_2375.vnnlib,prepared,sat,0.04
safenlp_2024,onnx/ruarobot/perturbations_0.onnx,vnnlib/ruarobot/hyperrectangle_6566.vnnlib,prepared,unsat,0.04
safenlp_2024,onnx/ruarobot/perturbations_0.onnx,vnnlib/ruarobot/hyperrectangle_6800.vnnlib,prepared,sat,0.04
safenlp_2024,onnx/ruarobot/perturbations_0.onnx,vnnlib/ruarobot/hyperrectangle_4389.vnnlib,prepared,sat,0.04
safenlp_2024,onnx/ruarobot/perturbations_0.onnx,vnnlib/ruarobot/hyperrectangle_7014.vnnlib,prepared,sat,0.04
safenlp_2024,onnx/medical/perturbations_0.onnx,vnnlib/medical/hyperrectangle_2848.vnnlib,prepared,sat,0.04
safenlp_2024,onnx/ruarobot/perturbations_0.onnx,vnnlib/ruarobot/hyperrectangle_7916.vnnlib,prepared,sat,0.04
safenlp_2024,onnx/ruarobot/perturbations_0.onnx,vnnlib/ruarobot/hyperrectangle_4147.vnnlib,prepared,unsat,26.21
safenlp_2024,onnx/medical/perturbations_0.onnx,vnnlib/medical/hyperrectangle_1953.vnnlib,prepared,unsat,5.06
safenlp_2024,onnx/ruarobot/perturbations_0.onnx,vnnlib/ruarobot/hyperrectangle_3918.vnnlib,prepared,sat,0.04
safenlp_2024,onnx/ruarobot/perturbations_0.onnx,vnnlib/ruarobot/hyperrectangle_6974.vnnlib,prepared,sat,0.08
safenlp_2024,onnx/medical/perturbations_0.onnx,vnnlib/medical/hyperrectangle_1874.vnnlib,prepared,unsat,25.61
safenlp_2024,onnx/ruarobot/perturbations_0.onnx,vnnlib/ruarobot/hyperrectangle_2067.vnnlib,prepared,timeout,30.19
safenlp_2024,onnx/medical/perturbations_0.onnx,vnnlib/medical/hyperrectangle_256.vnnlib,prepared,unsat,5.31
safenlp_2024,onnx/ruarobot/perturbations_0.onnx,vnnlib/ruarobot/hyperrectangle_2417.vnnlib,prepared,sat,0.04
safenlp_2024,onnx/ruarobot/perturbations_0.onnx,vnnlib/ruarobot/hyperrectangle_4903.vnnlib,prepared,unsat,5.79
safenlp_2024,onnx/medical/perturbations_0.onnx,vnnlib/medical/hyperrectangle_2395.vnnlib,prepared,unsat,5.08
safenlp_2024,onnx/ruarobot/perturbations_0.onnx,vnnlib/ruarobot/hyperrectangle_6725.vnnlib,prepared,sat,0.04
safenlp_2024,onnx/ruarobot/perturbations_0.onnx,vnnlib/ruarobot/hyperrectangle_2997.vnnlib,prepared,sat,0.04
safenlp_2024,onnx/ruarobot/perturbations_0.onnx,vnnlib/ruarobot/hyperrectangle_2410.vnnlib,prepared,sat,0.04
safenlp_2024,onnx/ruarobot/perturbations_0.onnx,vnnlib/ruarobot/hyperrectangle_7217.vnnlib,prepared,sat,0.04
safenlp_2024,onnx/ruarobot/perturbations_0.onnx,vnnlib/ruarobot/hyperrectangle_7864.vnnlib,prepared,sat,0.08
safenlp_2024,onnx/ruarobot/perturbations_0.onnx,vnnlib/ruarobot/hyperrectangle_4364.vnnlib,prepared,sat,0.04
safenlp_2024,onnx/ruarobot/perturbations_0.onnx,vnnlib/ruarobot/hyperrectangle_5932.vnnlib,prepared,sat,0.04
safenlp_2024,onnx/ruarobot/perturbations_0.onnx,vnnlib/ruarobot/hyperrectangle_4227.vnnlib,prepared,sat,0.04
safenlp_2024,onnx/ruarobot/perturbations_0.onnx,vnnlib/ruarobot/hyperrectangle_653.vnnlib,prepared,sat,0.04
safenlp_2024,onnx/ruarobot/perturbations_0.onnx,vnnlib/ruarobot/hyperrectangle_1343.vnnlib,prepared,sat,0.13
safenlp_2024,onnx/medical/perturbations_0.onnx,vnnlib/medical/hyperrectangle_1324.vnnlib,prepared,unsat,5.07
safenlp_2024,onnx/medical/perturbations_0.onnx,vnnlib/medical/hyperrectangle_2672.vnnlib,prepared,timeout,24.26
safenlp_2024,onnx/ruarobot/perturbations_0.onnx,vnnlib/ruarobot/hyperrectangle_6615.vnnlib,prepared,sat,0.04
safenlp_2024,onnx/ruarobot/perturbations_0.onnx,vnnlib/ruarobot/hyperrectangle_4609.vnnlib,prepared,sat,0.04
safenlp_2024,onnx/ruarobot/perturbations_0.onnx,vnnlib/ruarobot/hyperrectangle_1723.vnnlib,prepared,sat,0.04
safenlp_2024,onnx/ruarobot/perturbations_0.onnx,vnnlib/ruarobot/hyperrectangle_554.vnnlib,prepared,sat,0.04
safenlp_2024,onnx/medical/perturbations_0.onnx,vnnlib/medical/hyperrectangle_1835.vnnlib,prepared,sat,0.04
safenlp_2024,onnx/ruarobot/perturbations_0.onnx,vnnlib/ruarobot/hyperrectangle_6609.vnnlib,prepared,sat,0.04
safenlp_2024,onnx/medical/perturbations_0.onnx,vnnlib/medical/hyperrectangle_826.vnnlib,prepared,unsat,5.07
safenlp_2024,onnx/ruarobot/perturbations_0.onnx,vnnlib/ruarobot/hyperrectangle_5442.vnnlib,prepared,sat,0.04
safenlp_2024,onnx/ruarobot/perturbations_0.onnx,vnnlib/ruarobot/hyperrectangle_1804.vnnlib,prepared,sat,0.04
safenlp_2024,onnx/ruarobot/perturbations_0.onnx,vnnlib/ruarobot/hyperrectangle_7302.vnnlib,prepared,sat,0.04
safenlp_2024,onnx/ruarobot/perturbations_0.onnx,vnnlib/ruarobot/hyperrectangle_7248.vnnlib,prepared,sat,0.04
safenlp_2024,onnx/medical/perturbations_0.onnx,vnnlib/medical/hyperrectangle_1430.vnnlib,prepared,unsat,5.05
safenlp_2024,onnx/ruarobot/perturbations_0.onnx,vnnlib/ruarobot/hyperrectangle_1078.vnnlib,prepared,unsat,5.07
safenlp_2024,onnx/ruarobot/perturbations_0.onnx,vnnlib/ruarobot/hyperrectangle_2079.vnnlib,prepared,sat,0.04
safenlp_2024,onnx/ruarobot/perturbations_0.onnx,vnnlib/ruarobot/hyperrectangle_530.vnnlib,prepared,sat,2.29
safenlp_2024,onnx/ruarobot/perturbations_0.onnx,vnnlib/ruarobot/hyperrectangle_2494.vnnlib,prepared,sat,0.04
safenlp_2024,onnx/ruarobot/perturbations_0.onnx,vnnlib/ruarobot/hyperrectangle_7817.vnnlib,prepared,sat,0.04
safenlp_2024,onnx/medical/perturbations_0.onnx,vnnlib/medical/hyperrectangle_1228.vnnlib,prepared,unsat,27.34
safenlp_2024,onnx/medical/perturbations_0.onnx,vnnlib/medical/hyperrectangle_141.vnnlib,prepared,unsat,0.04
safenlp_2024,onnx/medical/perturbations_0.onnx,vnnlib/medical/hyperrectangle_2343.vnnlib,prepared,timeout,30.84
safenlp_2024,onnx/ruarobot/perturbations_0.onnx,vnnlib/ruarobot/hyperrectangle_5503.vnnlib,prepared,sat,0.04
safenlp_2024,onnx/ruarobot/perturbations_0.onnx,vnnlib/ruarobot/hyperrectangle_1398.vnnlib,prepared,sat,0.19
safenlp_2024,onnx/medical/perturbations_0.onnx,vnnlib/medical/hyperrectangle_2281.vnnlib,prepared,sat,0.04
safenlp_2024,onnx/medical/perturbations_0.onnx,vnnlib/medical/hyperrectangle_1001.vnnlib,prepared,unsat,0.05
safenlp_2024,onnx/medical/perturbations_0.onnx,vnnlib/medical/hyperrectangle_895.vnnlib,prepared,sat,0.05
safenlp_2024,onnx/medical/perturbations_0.onnx,vnnlib/medical/hyperrectangle_1062.vnnlib,prepared,unsat,0.04
safenlp_2024,onnx/medical/perturbations_0.onnx,vnnlib/medical/hyperrectangle_2188.vnnlib,prepared,sat,0.04
safenlp_2024,onnx/ruarobot/perturbations_0.onnx,vnnlib/ruarobot/hyperrectangle_1353.vnnlib,prepared,sat,0.08
safenlp_2024,onnx/medical/perturbations_0.onnx,vnnlib/medical/hyperrectangle_2389.vnnlib,prepared,sat,0.86
safenlp_2024,onnx/ruarobot/perturbations_0.onnx,vnnlib/ruarobot/hyperrectangle_1883.vnnlib,prepared,sat,0.04
safenlp_2024,onnx/medical/perturbations_0.onnx,vnnlib/medical/hyperrectangle_1875.vnnlib,prepared,unsat,0.04
safenlp_2024,onnx/ruarobot/perturbations_0.onnx,vnnlib/ruarobot/hyperrectangle_1607.vnnlib,prepared,unsat,6.21
safenlp_2024,onnx/ruarobot/perturbations_0.onnx,vnnlib/ruarobot/hyperrectangle_3809.vnnlib,prepared,sat,0.09
safenlp_2024,onnx/ruarobot/perturbations_0.onnx,vnnlib/ruarobot/hyperrectangle_6317.vnnlib,prepared,sat,0.04
safenlp_2024,onnx/ruarobot/perturbations_0.onnx,vnnlib/ruarobot/hyperrectangle_7301.vnnlib,prepared,sat,1.70
safenlp_2024,onnx/ruarobot/perturbations_0.onnx,vnnlib/ruarobot/hyperrectangle_7903.vnnlib,prepared,sat,0.04
safenlp_2024,onnx/medical/perturbations_0.onnx,vnnlib/medical/hyperrectangle_1056.vnnlib,prepared,unsat,0.03
safenlp_2024,onnx/ruarobot/perturbations_0.onnx,vnnlib/ruarobot/hyperrectangle_2715.vnnlib,prepared,sat,0.04
safenlp_2024,onnx/ruarobot/perturbations_0.onnx,vnnlib/ruarobot/hyperrectangle_5529.vnnlib,prepared,sat,0.61
safenlp_2024,onnx/ruarobot/perturbations_0.onnx,vnnlib/ruarobot/hyperrectangle_5659.vnnlib,prepared,sat,0.04
safenlp_2024,onnx/medical/perturbations_0.onnx,vnnlib/medical/hyperrectangle_1615.vnnlib,prepared,unsat,5.12
safenlp_2024,onnx/medical/perturbations_0.onnx,vnnlib/medical/hyperrectangle_1333.vnnlib,prepared,unsat,5.06
safenlp_2024,onnx/medical/perturbations_0.onnx,vnnlib/medical/hyperrectangle_2761.vnnlib,prepared,sat,0.04
safenlp_2024,onnx/medical/perturbations_0.onnx,vnnlib/medical/hyperrectangle_2116.vnnlib,prepared,unsat,5.07
safenlp_2024,onnx/ruarobot/perturbations_0.onnx,vnnlib/ruarobot/hyperrectangle_6558.vnnlib,prepared,sat,0.04
safenlp_2024,onnx/ruarobot/perturbations_0.onnx,vnnlib/ruarobot/hyperrectangle_7069.vnnlib,prepared,unsat,5.22
safenlp_2024,onnx/ruarobot/perturbations_0.onnx,vnnlib/ruarobot/hyperrectangle_2893.vnnlib,0,sat,9,seal-safenlp-i123-20260720T173717Z
safenlp_2024,onnx/ruarobot/perturbations_0.onnx,vnnlib/ruarobot/hyperrectangle_7704.vnnlib,prepared,sat,0.04
safenlp_2024,onnx/ruarobot/perturbations_0.onnx,vnnlib/ruarobot/hyperrectangle_5109.vnnlib,prepared,sat,0.04
safenlp_2024,onnx/ruarobot/perturbations_0.onnx,vnnlib/ruarobot/hyperrectangle_1099.vnnlib,prepared,unsat,28.12
safenlp_2024,onnx/medical/perturbations_0.onnx,vnnlib/medical/hyperrectangle_797.vnnlib,prepared,unsat,5.32
safenlp_2024,onnx/ruarobot/perturbations_0.onnx,vnnlib/ruarobot/hyperrectangle_4701.vnnlib,prepared,timeout,30.19
safenlp_2024,onnx/ruarobot/perturbations_0.onnx,vnnlib/ruarobot/hyperrectangle_7070.vnnlib,prepared,sat,0.04
safenlp_2024,onnx/ruarobot/perturbations_0.onnx,vnnlib/ruarobot/hyperrectangle_3290.vnnlib,prepared,sat,0.05
safenlp_2024,onnx/medical/perturbations_0.onnx,vnnlib/medical/hyperrectangle_2431.vnnlib,prepared,sat,0.19
safenlp_2024,onnx/ruarobot/perturbations_0.onnx,vnnlib/ruarobot/hyperrectangle_6213.vnnlib,prepared,sat,0.08
safenlp_2024,onnx/ruarobot/perturbations_0.onnx,vnnlib/ruarobot/hyperrectangle_5257.vnnlib,prepared,sat,0.05
safenlp_2024,onnx/ruarobot/perturbations_0.onnx,vnnlib/ruarobot/hyperrectangle_5612.vnnlib,prepared,sat,0.05
safenlp_2024,onnx/medical/perturbations_0.onnx,vnnlib/medical/hyperrectangle_2812.vnnlib,prepared,unsat,0.05
safenlp_2024,onnx/ruarobot/perturbations_0.onnx,vnnlib/ruarobot/hyperrectangle_5207.vnnlib,prepared,sat,0.04
safenlp_2024,onnx/ruarobot/perturbations_0.onnx,vnnlib/ruarobot/hyperrectangle_6184.vnnlib,prepared,unsat,0.04
safenlp_2024,onnx/ruarobot/perturbations_0.onnx,vnnlib/ruarobot/hyperrectangle_614.vnnlib,prepared,sat,14.78
safenlp_2024,onnx/medical/perturbations_0.onnx,vnnlib/medical/hyperrectangle_2674.vnnlib,prepared,unsat,5.05
safenlp_2024,onnx/medical/perturbations_0.onnx,vnnlib/medical/hyperrectangle_2083.vnnlib,prepared,sat,0.07
safenlp_2024,onnx/ruarobot/perturbations_0.onnx,vnnlib/ruarobot/hyperrectangle_2082.vnnlib,prepared,sat,0.04
safenlp_2024,onnx/medical/perturbations_0.onnx,vnnlib/medical/hyperrectangle_2648.vnnlib,prepared,unsat,6.52
safenlp_2024,onnx/ruarobot/perturbations_0.onnx,vnnlib/ruarobot/hyperrectangle_4088.vnnlib,prepared,unsat,5.17
safenlp_2024,onnx/ruarobot/perturbations_0.onnx,vnnlib/ruarobot/hyperrectangle_2404.vnnlib,prepared,sat,0.06
safenlp_2024,onnx/medical/perturbations_0.onnx,vnnlib/medical/hyperrectangle_1063.vnnlib,prepared,unsat,0.05
safenlp_2024,onnx/ruarobot/perturbations_0.onnx,vnnlib/ruarobot/hyperrectangle_4921.vnnlib,prepared,sat,0.06
safenlp_2024,onnx/medical/perturbations_0.onnx,vnnlib/medical/hyperrectangle_377.vnnlib,prepared,unsat,5.04
safenlp_2024,onnx/ruarobot/perturbations_0.onnx,vnnlib/ruarobot/hyperrectangle_3093.vnnlib,prepared,sat,0.04
safenlp_2024,onnx/ruarobot/perturbations_0.onnx,vnnlib/ruarobot/hyperrectangle_3130.vnnlib,prepared,unsat,26.15
safenlp_2024,onnx/ruarobot/perturbations_0.onnx,vnnlib/ruarobot/hyperrectangle_41.vnnlib,prepared,sat,0.04
safenlp_2024,onnx/medical/perturbations_0.onnx,vnnlib/medical/hyperrectangle_1322.vnnlib,prepared,unsat,0.04
safenlp_2024,onnx/ruarobot/perturbations_0.onnx,vnnlib/ruarobot/hyperrectangle_4795.vnnlib,prepared,unsat,20
safenlp_2024,onnx/ruarobot/perturbations_0.onnx,vnnlib/ruarobot/hyperrectangle_4785.vnnlib,0,unsat,7,seal-safenlp-u153-20260720T204518Z
safenlp_2024,onnx/ruarobot/perturbations_0.onnx,vnnlib/ruarobot/hyperrectangle_80.vnnlib,prepared,sat,0.04
safenlp_2024,onnx/medical/perturbations_0.onnx,vnnlib/medical/hyperrectangle_745.vnnlib,prepared,unsat,5.07
safenlp_2024,onnx/ruarobot/perturbations_0.onnx,vnnlib/ruarobot/hyperrectangle_5112.vnnlib,prepared,unsat,5.07
safenlp_2024,onnx/medical/perturbations_0.onnx,vnnlib/medical/hyperrectangle_2439.vnnlib,prepared,timeout,30.12
safenlp_2024,onnx/medical/perturbations_0.onnx,vnnlib/medical/hyperrectangle_1131.vnnlib,prepared,unsat,5.08
safenlp_2024,onnx/ruarobot/perturbations_0.onnx,vnnlib/ruarobot/hyperrectangle_7587.vnnlib,prepared,sat,0.04
safenlp_2024,onnx/medical/perturbations_0.onnx,vnnlib/medical/hyperrectangle_1672.vnnlib,prepared,unsat,5.10
safenlp_2024,onnx/ruarobot/perturbations_0.onnx,vnnlib/ruarobot/hyperrectangle_3055.vnnlib,prepared,sat,0.07
safenlp_2024,onnx/ruarobot/perturbations_0.onnx,vnnlib/ruarobot/hyperrectangle_1098.vnnlib,prepared,sat,0.08
safenlp_2024,onnx/ruarobot/perturbations_0.onnx,vnnlib/ruarobot/hyperrectangle_3862.vnnlib,prepared,unsat,19
safenlp_2024,onnx/ruarobot/perturbations_0.onnx,vnnlib/ruarobot/hyperrectangle_4937.vnnlib,prepared,sat,0.04
safenlp_2024,onnx/ruarobot/perturbations_0.onnx,vnnlib/ruarobot/hyperrectangle_3084.vnnlib,prepared,sat,0.08
safenlp_2024,onnx/medical/perturbations_0.onnx,vnnlib/medical/hyperrectangle_1919.vnnlib,prepared,unsat,5.05
safenlp_2024,onnx/ruarobot/perturbations_0.onnx,vnnlib/ruarobot/hyperrectangle_1955.vnnlib,prepared,sat,0.05
safenlp_2024,onnx/ruarobot/perturbations_0.onnx,vnnlib/ruarobot/hyperrectangle_2030.vnnlib,prepared,sat,0.04
safenlp_2024,onnx/ruarobot/perturbations_0.onnx,vnnlib/ruarobot/hyperrectangle_5946.vnnlib,prepared,unsat,5.09
safenlp_2024,onnx/ruarobot/perturbations_0.onnx,vnnlib/ruarobot/hyperrectangle_5028.vnnlib,prepared,sat,0.05
safenlp_2024,onnx/ruarobot/perturbations_0.onnx,vnnlib/ruarobot/hyperrectangle_1458.vnnlib,prepared,sat,0.05
safenlp_2024,onnx/medical/perturbations_0.onnx,vnnlib/medical/hyperrectangle_2526.vnnlib,prepared,unsat,5.14
safenlp_2024,onnx/ruarobot/perturbations_0.onnx,vnnlib/ruarobot/hyperrectangle_2024.vnnlib,prepared,sat,0.08
safenlp_2024,onnx/medical/perturbations_0.onnx,vnnlib/medical/hyperrectangle_1316.vnnlib,prepared,unsat,5.06
safenlp_2024,onnx/medical/perturbations_0.onnx,vnnlib/medical/hyperrectangle_2259.vnnlib,prepared,unsat,5.06
safenlp_2024,onnx/ruarobot/perturbations_0.onnx,vnnlib/ruarobot/hyperrectangle_11.vnnlib,0,unsat,10,seal-safenlp-u176-20260720T204528Z
safenlp_2024,onnx/medical/perturbations_0.onnx,vnnlib/medical/hyperrectangle_1692.vnnlib,prepared,unsat,0.04
safenlp_2024,onnx/medical/perturbations_0.onnx,vnnlib/medical/hyperrectangle_1348.vnnlib,prepared,unsat,0.04
safenlp_2024,onnx/ruarobot/perturbations_0.onnx,vnnlib/ruarobot/hyperrectangle_192.vnnlib,prepared,sat,0.09
safenlp_2024,onnx/medical/perturbations_0.onnx,vnnlib/medical/hyperrectangle_291.vnnlib,prepared,unsat,5.10
safenlp_2024,onnx/ruarobot/perturbations_0.onnx,vnnlib/ruarobot/hyperrectangle_3203.vnnlib,prepared,unsat,19.74
safenlp_2024,onnx/ruarobot/perturbations_0.onnx,vnnlib/ruarobot/hyperrectangle_2953.vnnlib,prepared,sat,0.08
safenlp_2024,onnx/medical/perturbations_0.onnx,vnnlib/medical/hyperrectangle_263.vnnlib,prepared,unsat,5.20
safenlp_2024,onnx/ruarobot/perturbations_0.onnx,vnnlib/ruarobot/hyperrectangle_4525.vnnlib,prepared,sat,0.14
safenlp_2024,onnx/ruarobot/perturbations_0.onnx,vnnlib/ruarobot/hyperrectangle_3328.vnnlib,prepared,sat,0.05
safenlp_2024,onnx/medical/perturbations_0.onnx,vnnlib/medical/hyperrectangle_687.vnnlib,prepared,unsat,5.72
safenlp_2024,onnx/medical/perturbations_0.onnx,vnnlib/medical/hyperrectangle_883.vnnlib,prepared,unsat,5.06
safenlp_2024,onnx/ruarobot/perturbations_0.onnx,vnnlib/ruarobot/hyperrectangle_499.vnnlib,prepared,sat,0.04
safenlp_2024,onnx/medical/perturbations_0.onnx,vnnlib/medical/hyperrectangle_10.vnnlib,prepared,unsat,5.08
safenlp_2024,onnx/ruarobot/perturbations_0.onnx,vnnlib/ruarobot/hyperrectangle_1234.vnnlib,prepared,sat,0.05
safenlp_2024,onnx/medical/perturbations_0.onnx,vnnlib/medical/hyperrectangle_2807.vnnlib,prepared,unsat,19
safenlp_2024,onnx/medical/perturbations_0.onnx,vnnlib/medical/hyperrectangle_2533.vnnlib,prepared,unsat,0.04
safenlp_2024,onnx/ruarobot/perturbations_0.onnx,vnnlib/ruarobot/hyperrectangle_7420.vnnlib,prepared,sat,0.05
safenlp_2024,onnx/ruarobot/perturbations_0.onnx,vnnlib/ruarobot/hyperrectangle_588.vnnlib,prepared,sat,0.05
safenlp_2024,onnx/medical/perturbations_0.onnx,vnnlib/medical/hyperrectangle_865.vnnlib,prepared,unsat,5.04
safenlp_2024,onnx/ruarobot/perturbations_0.onnx,vnnlib/ruarobot/hyperrectangle_6973.vnnlib,prepared,sat,0.06
safenlp_2024,onnx/ruarobot/perturbations_0.onnx,vnnlib/ruarobot/hyperrectangle_4484.vnnlib,prepared,unsat,5.08
safenlp_2024,onnx/ruarobot/perturbations_0.onnx,vnnlib/ruarobot/hyperrectangle_7924.vnnlib,prepared,sat,0.05
safenlp_2024,onnx/medical/perturbations_0.onnx,vnnlib/medical/hyperrectangle_1487.vnnlib,prepared,unsat,25.78
safenlp_2024,onnx/medical/perturbations_0.onnx,vnnlib/medical/hyperrectangle_637.vnnlib,prepared,sat,0.04
safenlp_2024,onnx/ruarobot/perturbations_0.onnx,vnnlib/ruarobot/hyperrectangle_428.vnnlib,prepared,sat,0.05
safenlp_2024,onnx/ruarobot/perturbations_0.onnx,vnnlib/ruarobot/hyperrectangle_6358.vnnlib,prepared,sat,0.05
safenlp_2024,onnx/ruarobot/perturbations_0.onnx,vnnlib/ruarobot/hyperrectangle_7834.vnnlib,prepared,sat,0.04
safenlp_2024,onnx/ruarobot/perturbations_0.onnx,vnnlib/ruarobot/hyperrectangle_149.vnnlib,prepared,sat,0.04
safenlp_2024,onnx/ruarobot/perturbations_0.onnx,vnnlib/ruarobot/hyperrectangle_1537.vnnlib,prepared,unsat,5.18
safenlp_2024,onnx/medical/perturbations_0.onnx,vnnlib/medical/hyperrectangle_2234.vnnlib,prepared,unsat,5.08
safenlp_2024,onnx/ruarobot/perturbations_0.onnx,vnnlib/ruarobot/hyperrectangle_2589.vnnlib,prepared,sat,0.04
safenlp_2024,onnx/ruarobot/perturbations_0.onnx,vnnlib/ruarobot/hyperrectangle_3775.vnnlib,prepared,sat,0.05
safenlp_2024,onnx/ruarobot/perturbations_0.onnx,vnnlib/ruarobot/hyperrectangle_7740.vnnlib,prepared,unsat,5.06
safenlp_2024,onnx/ruarobot/perturbations_0.onnx,vnnlib/ruarobot/hyperrectangle_7312.vnnlib,prepared,sat,0.05
safenlp_2024,onnx/ruarobot/perturbations_0.onnx,vnnlib/ruarobot/hyperrectangle_3410.vnnlib,prepared,sat,0.05
safenlp_2024,onnx/ruarobot/perturbations_0.onnx,vnnlib/ruarobot/hyperrectangle_4120.vnnlib,prepared,sat,0.05
safenlp_2024,onnx/ruarobot/perturbations_0.onnx,vnnlib/ruarobot/hyperrectangle_1252.vnnlib,prepared,sat,0.05
safenlp_2024,onnx/ruarobot/perturbations_0.onnx,vnnlib/ruarobot/hyperrectangle_3065.vnnlib,prepared,unsat,5.38
safenlp_2024,onnx/ruarobot/perturbations_0.onnx,vnnlib/ruarobot/hyperrectangle_5968.vnnlib,prepared,sat,0.04
safenlp_2024,onnx/ruarobot/perturbations_0.onnx,vnnlib/ruarobot/hyperrectangle_1622.vnnlib,prepared,sat,0.04
safenlp_2024,onnx/medical/perturbations_0.onnx,vnnlib/medical/hyperrectangle_1433.vnnlib,prepared,unsat,5.06
safenlp_2024,onnx/ruarobot/perturbations_0.onnx,vnnlib/ruarobot/hyperrectangle_4118.vnnlib,prepared,sat,0.04
safenlp_2024,onnx/medical/perturbations_0.onnx,vnnlib/medical/hyperrectangle_2638.vnnlib,prepared,unsat,5.09
safenlp_2024,onnx/ruarobot/perturbations_0.onnx,vnnlib/ruarobot/hyperrectangle_195.vnnlib,prepared,sat,0.13
safenlp_2024,onnx/ruarobot/perturbations_0.onnx,vnnlib/ruarobot/hyperrectangle_2849.vnnlib,prepared,sat,0.04
safenlp_2024,onnx/ruarobot/perturbations_0.onnx,vnnlib/ruarobot/hyperrectangle_2256.vnnlib,prepared,sat,0.04
safenlp_2024,onnx/ruarobot/perturbations_0.onnx,vnnlib/ruarobot/hyperrectangle_7270.vnnlib,prepared,sat,0.04
safenlp_2024,onnx/medical/perturbations_0.onnx,vnnlib/medical/hyperrectangle_1114.vnnlib,prepared,sat,0.04
safenlp_2024,onnx/medical/perturbations_0.onnx,vnnlib/medical/hyperrectangle_1458.vnnlib,prepared,unsat,5.04
safenlp_2024,onnx/ruarobot/perturbations_0.onnx,vnnlib/ruarobot/hyperrectangle_5991.vnnlib,prepared,sat,0.05
safenlp_2024,onnx/ruarobot/perturbations_0.onnx,vnnlib/ruarobot/hyperrectangle_5481.vnnlib,prepared,sat,0.05
safenlp_2024,onnx/medical/perturbations_0.onnx,vnnlib/medical/hyperrectangle_135.vnnlib,prepared,unsat,0.04
safenlp_2024,onnx/ruarobot/perturbations_0.onnx,vnnlib/ruarobot/hyperrectangle_7843.vnnlib,prepared,sat,0.04
safenlp_2024,onnx/medical/perturbations_0.onnx,vnnlib/medical/hyperrectangle_188.vnnlib,prepared,unsat,0.04
safenlp_2024,onnx/ruarobot/perturbations_0.onnx,vnnlib/ruarobot/hyperrectangle_1817.vnnlib,prepared,sat,0.04
safenlp_2024,onnx/ruarobot/perturbations_0.onnx,vnnlib/ruarobot/hyperrectangle_5757.vnnlib,prepared,sat,0.04
safenlp_2024,onnx/ruarobot/perturbations_0.onnx,vnnlib/ruarobot/hyperrectangle_3156.vnnlib,prepared,unsat,5.88
safenlp_2024,onnx/ruarobot/perturbations_0.onnx,vnnlib/ruarobot/hyperrectangle_1844.vnnlib,prepared,sat,0.04
safenlp_2024,onnx/ruarobot/perturbations_0.onnx,vnnlib/ruarobot/hyperrectangle_6017.vnnlib,prepared,timeout,30.15
safenlp_2024,onnx/ruarobot/perturbations_0.onnx,vnnlib/ruarobot/hyperrectangle_7354.vnnlib,prepared,sat,0.04
safenlp_2024,onnx/ruarobot/perturbations_0.onnx,vnnlib/ruarobot/hyperrectangle_4898.vnnlib,prepared,unsat,23
safenlp_2024,onnx/medical/perturbations_0.onnx,vnnlib/medical/hyperrectangle_914.vnnlib,prepared,unsat,5.07
safenlp_2024,onnx/ruarobot/perturbations_0.onnx,vnnlib/ruarobot/hyperrectangle_5020.vnnlib,prepared,sat,0.13
safenlp_2024,onnx/medical/perturbations_0.onnx,vnnlib/medical/hyperrectangle_2595.vnnlib,prepared,unsat,5.10
safenlp_2024,onnx/ruarobot/perturbations_0.onnx,vnnlib/ruarobot/hyperrectangle_3544.vnnlib,prepared,unsat,5.33
safenlp_2024,onnx/medical/perturbations_0.onnx,vnnlib/medical/hyperrectangle_831.vnnlib,prepared,unsat,0.04
safenlp_2024,onnx/ruarobot/perturbations_0.onnx,vnnlib/ruarobot/hyperrectangle_47.vnnlib,prepared,unsat,5.08
safenlp_2024,onnx/ruarobot/perturbations_0.onnx,vnnlib/ruarobot/hyperrectangle_6369.vnnlib,prepared,sat,0.08
safenlp_2024,onnx/medical/perturbations_0.onnx,vnnlib/medical/hyperrectangle_1092.vnnlib,prepared,unsat,5.56
safenlp_2024,onnx/medical/perturbations_0.onnx,vnnlib/medical/hyperrectangle_1463.vnnlib,prepared,unsat,5.06
safenlp_2024,onnx/ruarobot/perturbations_0.onnx,vnnlib/ruarobot/hyperrectangle_7485.vnnlib,prepared,sat,0.09
safenlp_2024,onnx/ruarobot/perturbations_0.onnx,vnnlib/ruarobot/hyperrectangle_2625.vnnlib,prepared,sat,0.05
safenlp_2024,onnx/ruarobot/perturbations_0.onnx,vnnlib/ruarobot/hyperrectangle_2381.vnnlib,prepared,sat,0.05
safenlp_2024,onnx/ruarobot/perturbations_0.onnx,vnnlib/ruarobot/hyperrectangle_4338.vnnlib,prepared,sat,0.05
safenlp_2024,onnx/ruarobot/perturbations_0.onnx,vnnlib/ruarobot/hyperrectangle_44.vnnlib,prepared,sat,0.05
safenlp_2024,onnx/ruarobot/perturbations_0.onnx,vnnlib/ruarobot/hyperrectangle_1203.vnnlib,prepared,timeout,27.02
safenlp_2024,onnx/ruarobot/perturbations_0.onnx,vnnlib/ruarobot/hyperrectangle_4700.vnnlib,prepared,sat,0.08
safenlp_2024,onnx/medical/perturbations_0.onnx,vnnlib/medical/hyperrectangle_413.vnnlib,prepared,sat,0.04
safenlp_2024,onnx/ruarobot/perturbations_0.onnx,vnnlib/ruarobot/hyperrectangle_1264.vnnlib,prepared,sat,0.04
safenlp_2024,onnx/ruarobot/perturbations_0.onnx,vnnlib/ruarobot/hyperrectangle_2879.vnnlib,prepared,sat,0.13
safenlp_2024,onnx/medical/perturbations_0.onnx,vnnlib/medical/hyperrectangle_683.vnnlib,prepared,sat,0.04
safenlp_2024,onnx/medical/perturbations_0.onnx,vnnlib/medical/hyperrectangle_1973.vnnlib,prepared,unsat,5.08
safenlp_2024,onnx/ruarobot/perturbations_0.onnx,vnnlib/ruarobot/hyperrectangle_3695.vnnlib,prepared,sat,0.05
safenlp_2024,onnx/ruarobot/perturbations_0.onnx,vnnlib/ruarobot/hyperrectangle_3460.vnnlib,prepared,timeout,30.25
safenlp_2024,onnx/ruarobot/perturbations_0.onnx,vnnlib/ruarobot/hyperrectangle_704.vnnlib,prepared,unsat,5.17
safenlp_2024,onnx/ruarobot/perturbations_0.onnx,vnnlib/ruarobot/hyperrectangle_6116.vnnlib,prepared,sat,0.04
safenlp_2024,onnx/ruarobot/perturbations_0.onnx,vnnlib/ruarobot/hyperrectangle_4766.vnnlib,prepared,unsat,26.29
safenlp_2024,onnx/ruarobot/perturbations_0.onnx,vnnlib/ruarobot/hyperrectangle_338.vnnlib,prepared,sat,0.04
safenlp_2024,onnx/ruarobot/perturbations_0.onnx,vnnlib/ruarobot/hyperrectangle_5634.vnnlib,prepared,sat,0.04
safenlp_2024,onnx/ruarobot/perturbations_0.onnx,vnnlib/ruarobot/hyperrectangle_5275.vnnlib,prepared,unsat,22
safenlp_2024,onnx/medical/perturbations_0.onnx,vnnlib/medical/hyperrectangle_2465.vnnlib,prepared,unsat,22
safenlp_2024,onnx/ruarobot/perturbations_0.onnx,vnnlib/ruarobot/hyperrectangle_5844.vnnlib,prepared,sat,0.04
safenlp_2024,onnx/ruarobot/perturbations_0.onnx,vnnlib/ruarobot/hyperrectangle_2467.vnnlib,prepared,sat,0.04
safenlp_2024,onnx/ruarobot/perturbations_0.onnx,vnnlib/ruarobot/hyperrectangle_1429.vnnlib,prepared,sat,0.04
safenlp_2024,onnx/ruarobot/perturbations_0.onnx,vnnlib/ruarobot/hyperrectangle_2224.vnnlib,prepared,unsat,5.53
safenlp_2024,onnx/ruarobot/perturbations_0.onnx,vnnlib/ruarobot/hyperrectangle_3270.vnnlib,prepared,timeout,30.21
safenlp_2024,onnx/ruarobot/perturbations_0.onnx,vnnlib/ruarobot/hyperrectangle_5975.vnnlib,prepared,timeout,30.22
safenlp_2024,onnx/medical/perturbations_0.onnx,vnnlib/medical/hyperrectangle_1762.vnnlib,prepared,unsat,0.05
safenlp_2024,onnx/ruarobot/perturbations_0.onnx,vnnlib/ruarobot/hyperrectangle_3528.vnnlib,prepared,unsat,5.08
safenlp_2024,onnx/medical/perturbations_0.onnx,vnnlib/medical/hyperrectangle_1734.vnnlib,prepared,unsat,5.19
safenlp_2024,onnx/ruarobot/perturbations_0.onnx,vnnlib/ruarobot/hyperrectangle_2777.vnnlib,prepared,sat,0.04
safenlp_2024,onnx/ruarobot/perturbations_0.onnx,vnnlib/ruarobot/hyperrectangle_7275.vnnlib,prepared,unsat,5.33
safenlp_2024,onnx/ruarobot/perturbations_0.onnx,vnnlib/ruarobot/hyperrectangle_5990.vnnlib,prepared,unsat,25.14
safenlp_2024,onnx/medical/perturbations_0.onnx,vnnlib/medical/hyperrectangle_2193.vnnlib,prepared,sat,0.05
safenlp_2024,onnx/ruarobot/perturbations_0.onnx,vnnlib/ruarobot/hyperrectangle_3853.vnnlib,prepared,timeout,30.70
safenlp_2024,onnx/ruarobot/perturbations_0.onnx,vnnlib/ruarobot/hyperrectangle_4815.vnnlib,prepared,sat,0.04
safenlp_2024,onnx/ruarobot/perturbations_0.onnx,vnnlib/ruarobot/hyperrectangle_1739.vnnlib,prepared,sat,0.04
safenlp_2024,onnx/ruarobot/perturbations_0.onnx,vnnlib/ruarobot/hyperrectangle_1801.vnnlib,prepared,sat,0.05
safenlp_2024,onnx/ruarobot/perturbations_0.onnx,vnnlib/ruarobot/hyperrectangle_3363.vnnlib,prepared,sat,0.13
safenlp_2024,onnx/medical/perturbations_0.onnx,vnnlib/medical/hyperrectangle_1377.vnnlib,prepared,unsat,5.05
safenlp_2024,onnx/medical/perturbations_0.onnx,vnnlib/medical/hyperrectangle_1382.vnnlib,prepared,unsat,5.09
safenlp_2024,onnx/medical/perturbations_0.onnx,vnnlib/medical/hyperrectangle_2113.vnnlib,prepared,sat,29.20
safenlp_2024,onnx/ruarobot/perturbations_0.onnx,vnnlib/ruarobot/hyperrectangle_2499.vnnlib,prepared,unsat,20
safenlp_2024,onnx/medical/perturbations_0.onnx,vnnlib/medical/hyperrectangle_2315.vnnlib,prepared,unsat,5.48
safenlp_2024,onnx/ruarobot/perturbations_0.onnx,vnnlib/ruarobot/hyperrectangle_1386.vnnlib,prepared,timeout,30.21
safenlp_2024,onnx/ruarobot/perturbations_0.onnx,vnnlib/ruarobot/hyperrectangle_4847.vnnlib,prepared,unsat,7.52
safenlp_2024,onnx/medical/perturbations_0.onnx,vnnlib/medical/hyperrectangle_846.vnnlib,prepared,sat,0.04
safenlp_2024,onnx/ruarobot/perturbations_0.onnx,vnnlib/ruarobot/hyperrectangle_6841.vnnlib,prepared,timeout,30.99
safenlp_2024,onnx/ruarobot/perturbations_0.onnx,vnnlib/ruarobot/hyperrectangle_1498.vnnlib,prepared,unsat,25.87
safenlp_2024,onnx/medical/perturbations_0.onnx,vnnlib/medical/hyperrectangle_337.vnnlib,prepared,sat,0.04
safenlp_2024,onnx/ruarobot/perturbations_0.onnx,vnnlib/ruarobot/hyperrectangle_2433.vnnlib,prepared,sat,0.04
safenlp_2024,onnx/medical/perturbations_0.onnx,vnnlib/medical/hyperrectangle_2726.vnnlib,prepared,unsat,5.20
safenlp_2024,onnx/ruarobot/perturbations_0.onnx,vnnlib/ruarobot/hyperrectangle_5110.vnnlib,prepared,unsat,29.64
safenlp_2024,onnx/medical/perturbations_0.onnx,vnnlib/medical/hyperrectangle_703.vnnlib,prepared,unsat,0.04
safenlp_2024,onnx/ruarobot/perturbations_0.onnx,vnnlib/ruarobot/hyperrectangle_6100.vnnlib,prepared,unsat,25.38
safenlp_2024,onnx/ruarobot/perturbations_0.onnx,vnnlib/ruarobot/hyperrectangle_5221.vnnlib,prepared,sat,0.05
safenlp_2024,onnx/medical/perturbations_0.onnx,vnnlib/medical/hyperrectangle_2612.vnnlib,prepared,unsat,5.14
safenlp_2024,onnx/ruarobot/perturbations_0.onnx,vnnlib/ruarobot/hyperrectangle_2652.vnnlib,prepared,sat,0.04
safenlp_2024,onnx/medical/perturbations_0.onnx,vnnlib/medical/hyperrectangle_328.vnnlib,0,unsat,8,seal-safenlp-u305-20260720T204540Z
safenlp_2024,onnx/ruarobot/perturbations_0.onnx,vnnlib/ruarobot/hyperrectangle_7655.vnnlib,prepared,sat,0.04
safenlp_2024,onnx/ruarobot/perturbations_0.onnx,vnnlib/ruarobot/hyperrectangle_1432.vnnlib,prepared,sat,0.04
safenlp_2024,onnx/ruarobot/perturbations_0.onnx,vnnlib/ruarobot/hyperrectangle_1338.vnnlib,prepared,sat,0.04
safenlp_2024,onnx/ruarobot/perturbations_0.onnx,vnnlib/ruarobot/hyperrectangle_56.vnnlib,prepared,sat,2.88
safenlp_2024,onnx/ruarobot/perturbations_0.onnx,vnnlib/ruarobot/hyperrectangle_3792.vnnlib,prepared,sat,0.04
safenlp_2024,onnx/ruarobot/perturbations_0.onnx,vnnlib/ruarobot/hyperrectangle_6778.vnnlib,prepared,sat,0.04
safenlp_2024,onnx/medical/perturbations_0.onnx,vnnlib/medical/hyperrectangle_691.vnnlib,prepared,unsat,5.06
safenlp_2024,onnx/ruarobot/perturbations_0.onnx,vnnlib/ruarobot/hyperrectangle_7279.vnnlib,prepared,sat,0.20
safenlp_2024,onnx/medical/perturbations_0.onnx,vnnlib/medical/hyperrectangle_359.vnnlib,prepared,unsat,0.04
safenlp_2024,onnx/medical/perturbations_0.onnx,vnnlib/medical/hyperrectangle_207.vnnlib,prepared,unsat,5.04
safenlp_2024,onnx/ruarobot/perturbations_0.onnx,vnnlib/ruarobot/hyperrectangle_1745.vnnlib,prepared,unsat,5.06
safenlp_2024,onnx/medical/perturbations_0.onnx,vnnlib/medical/hyperrectangle_2565.vnnlib,prepared,unsat,5.07
safenlp_2024,onnx/ruarobot/perturbations_0.onnx,vnnlib/ruarobot/hyperrectangle_2650.vnnlib,prepared,sat,0.04
safenlp_2024,onnx/ruarobot/perturbations_0.onnx,vnnlib/ruarobot/hyperrectangle_2894.vnnlib,prepared,unsat,5.23
safenlp_2024,onnx/ruarobot/perturbations_0.onnx,vnnlib/ruarobot/hyperrectangle_3171.vnnlib,prepared,unsat,28.33
safenlp_2024,onnx/medical/perturbations_0.onnx,vnnlib/medical/hyperrectangle_2408.vnnlib,prepared,unsat,5.65
safenlp_2024,onnx/ruarobot/perturbations_0.onnx,vnnlib/ruarobot/hyperrectangle_391.vnnlib,prepared,unsat,7.05
safenlp_2024,onnx/ruarobot/perturbations_0.onnx,vnnlib/ruarobot/hyperrectangle_698.vnnlib,prepared,sat,0.04
safenlp_2024,onnx/ruarobot/perturbations_0.onnx,vnnlib/ruarobot/hyperrectangle_3235.vnnlib,prepared,sat,0.04
safenlp_2024,onnx/ruarobot/perturbations_0.onnx,vnnlib/ruarobot/hyperrectangle_6747.vnnlib,prepared,sat,0.04
safenlp_2024,onnx/ruarobot/perturbations_0.onnx,vnnlib/ruarobot/hyperrectangle_5146.vnnlib,prepared,sat,0.04
safenlp_2024,onnx/ruarobot/perturbations_0.onnx,vnnlib/ruarobot/hyperrectangle_5774.vnnlib,prepared,sat,0.04
safenlp_2024,onnx/ruarobot/perturbations_0.onnx,vnnlib/ruarobot/hyperrectangle_6218.vnnlib,prepared,sat,0.04
safenlp_2024,onnx/ruarobot/perturbations_0.onnx,vnnlib/ruarobot/hyperrectangle_1881.vnnlib,prepared,unsat,5.03
safenlp_2024,onnx/ruarobot/perturbations_0.onnx,vnnlib/ruarobot/hyperrectangle_5814.vnnlib,prepared,sat,0.04
safenlp_2024,onnx/ruarobot/perturbations_0.onnx,vnnlib/ruarobot/hyperrectangle_617.vnnlib,prepared,timeout,30.16
safenlp_2024,onnx/ruarobot/perturbations_0.onnx,vnnlib/ruarobot/hyperrectangle_5720.vnnlib,prepared,sat,0.04
safenlp_2024,onnx/ruarobot/perturbations_0.onnx,vnnlib/ruarobot/hyperrectangle_5548.vnnlib,prepared,sat,0.04
safenlp_2024,onnx/medical/perturbations_0.onnx,vnnlib/medical/hyperrectangle_871.vnnlib,prepared,unsat,5.09
safenlp_2024,onnx/ruarobot/perturbations_0.onnx,vnnlib/ruarobot/hyperrectangle_5195.vnnlib,prepared,sat,0.05
safenlp_2024,onnx/ruarobot/perturbations_0.onnx,vnnlib/ruarobot/hyperrectangle_1195.vnnlib,prepared,sat,0.04
safenlp_2024,onnx/medical/perturbations_0.onnx,vnnlib/medical/hyperrectangle_946.vnnlib,prepared,unsat,0.04
safenlp_2024,onnx/ruarobot/perturbations_0.onnx,vnnlib/ruarobot/hyperrectangle_3902.vnnlib,prepared,timeout,30.28
safenlp_2024,onnx/ruarobot/perturbations_0.onnx,vnnlib/ruarobot/hyperrectangle_2912.vnnlib,prepared,unsat,23.13
safenlp_2024,onnx/medical/perturbations_0.onnx,vnnlib/medical/hyperrectangle_30.vnnlib,prepared,unsat,5.06
safenlp_2024,onnx/ruarobot/perturbations_0.onnx,vnnlib/ruarobot/hyperrectangle_4054.vnnlib,prepared,unsat,6.09
safenlp_2024,onnx/ruarobot/perturbations_0.onnx,vnnlib/ruarobot/hyperrectangle_3464.vnnlib,prepared,unsat,5.05
safenlp_2024,onnx/medical/perturbations_0.onnx,vnnlib/medical/hyperrectangle_2184.vnnlib,prepared,unsat,5.05
safenlp_2024,onnx/ruarobot/perturbations_0.onnx,vnnlib/ruarobot/hyperrectangle_6064.vnnlib,prepared,sat,0.05
safenlp_2024,onnx/ruarobot/perturbations_0.onnx,vnnlib/ruarobot/hyperrectangle_6363.vnnlib,prepared,unsat,0.03
safenlp_2024,onnx/ruarobot/perturbations_0.onnx,vnnlib/ruarobot/hyperrectangle_3926.vnnlib,prepared,unsat,6.30
safenlp_2024,onnx/ruarobot/perturbations_0.onnx,vnnlib/ruarobot/hyperrectangle_2105.vnnlib,prepared,sat,0.08
safenlp_2024,onnx/ruarobot/perturbations_0.onnx,vnnlib/ruarobot/hyperrectangle_6988.vnnlib,prepared,sat,0.04
safenlp_2024,onnx/medical/perturbations_0.onnx,vnnlib/medical/hyperrectangle_1840.vnnlib,prepared,unsat,5.08
safenlp_2024,onnx/ruarobot/perturbations_0.onnx,vnnlib/ruarobot/hyperrectangle_6234.vnnlib,prepared,sat,0.04
safenlp_2024,onnx/ruarobot/perturbations_0.onnx,vnnlib/ruarobot/hyperrectangle_1658.vnnlib,prepared,sat,0.04
safenlp_2024,onnx/ruarobot/perturbations_0.onnx,vnnlib/ruarobot/hyperrectangle_7077.vnnlib,prepared,sat,0.04
safenlp_2024,onnx/ruarobot/perturbations_0.onnx,vnnlib/ruarobot/hyperrectangle_5014.vnnlib,prepared,unsat,5.12
safenlp_2024,onnx/medical/perturbations_0.onnx,vnnlib/medical/hyperrectangle_1988.vnnlib,prepared,timeout,27.48
safenlp_2024,onnx/medical/perturbations_0.onnx,vnnlib/medical/hyperrectangle_1643.vnnlib,prepared,unsat,0.04
safenlp_2024,onnx/ruarobot/perturbations_0.onnx,vnnlib/ruarobot/hyperrectangle_3625.vnnlib,prepared,unsat,27.74
safenlp_2024,onnx/ruarobot/perturbations_0.onnx,vnnlib/ruarobot/hyperrectangle_3009.vnnlib,0,unsat,7,seal-safenlp-u357-20260720T204550Z
safenlp_2024,onnx/ruarobot/perturbations_0.onnx,vnnlib/ruarobot/hyperrectangle_1150.vnnlib,prepared,sat,0.04
safenlp_2024,onnx/ruarobot/perturbations_0.onnx,vnnlib/ruarobot/hyperrectangle_7745.vnnlib,prepared,sat,0.08
safenlp_2024,onnx/medical/perturbations_0.onnx,vnnlib/medical/hyperrectangle_1583.vnnlib,prepared,unsat,5.13
safenlp_2024,onnx/ruarobot/perturbations_0.onnx,vnnlib/ruarobot/hyperrectangle_5143.vnnlib,prepared,sat,0.07
safenlp_2024,onnx/ruarobot/perturbations_0.onnx,vnnlib/ruarobot/hyperrectangle_2101.vnnlib,prepared,sat,3.97
safenlp_2024,onnx/ruarobot/perturbations_0.onnx,vnnlib/ruarobot/hyperrectangle_1833.vnnlib,prepared,sat,0.04
safenlp_2024,onnx/medical/perturbations_0.onnx,vnnlib/medical/hyperrectangle_2310.vnnlib,prepared,unsat,5.07
safenlp_2024,onnx/ruarobot/perturbations_0.onnx,vnnlib/ruarobot/hyperrectangle_307.vnnlib,prepared,sat,0.04
safenlp_2024,onnx/ruarobot/perturbations_0.onnx,vnnlib/ruarobot/hyperrectangle_1382.vnnlib,prepared,sat,0.03
safenlp_2024,onnx/medical/perturbations_0.onnx,vnnlib/medical/hyperrectangle_996.vnnlib,prepared,unsat,5.09
safenlp_2024,onnx/ruarobot/perturbations_0.onnx,vnnlib/ruarobot/hyperrectangle_3551.vnnlib,prepared,unsat,5.08
safenlp_2024,onnx/ruarobot/perturbations_0.onnx,vnnlib/ruarobot/hyperrectangle_3499.vnnlib,prepared,sat,0.13
safenlp_2024,onnx/ruarobot/perturbations_0.onnx,vnnlib/ruarobot/hyperrectangle_6795.vnnlib,prepared,sat,0.05
safenlp_2024,onnx/ruarobot/perturbations_0.onnx,vnnlib/ruarobot/hyperrectangle_6990.vnnlib,prepared,sat,0.09
safenlp_2024,onnx/ruarobot/perturbations_0.onnx,vnnlib/ruarobot/hyperrectangle_32.vnnlib,prepared,unsat,5.08
safenlp_2024,onnx/medical/perturbations_0.onnx,vnnlib/medical/hyperrectangle_987.vnnlib,prepared,unsat,5.04
safenlp_2024,onnx/medical/perturbations_0.onnx,vnnlib/medical/hyperrectangle_572.vnnlib,prepared,unsat,0.04
safenlp_2024,onnx/medical/perturbations_0.onnx,vnnlib/medical/hyperrectangle_2661.vnnlib,prepared,sat,0.04
safenlp_2024,onnx/ruarobot/perturbations_0.onnx,vnnlib/ruarobot/hyperrectangle_2041.vnnlib,prepared,timeout,24.34
safenlp_2024,onnx/ruarobot/perturbations_0.onnx,vnnlib/ruarobot/hyperrectangle_2964.vnnlib,prepared,unsat,5.23
safenlp_2024,onnx/ruarobot/perturbations_0.onnx,vnnlib/ruarobot/hyperrectangle_1603.vnnlib,prepared,sat,0.04
safenlp_2024,onnx/ruarobot/perturbations_0.onnx,vnnlib/ruarobot/hyperrectangle_4801.vnnlib,prepared,sat,0.04
safenlp_2024,onnx/medical/perturbations_0.onnx,vnnlib/medical/hyperrectangle_271.vnnlib,prepared,sat,0.04
safenlp_2024,onnx/medical/perturbations_0.onnx,vnnlib/medical/hyperrectangle_843.vnnlib,prepared,unsat,5.07
safenlp_2024,onnx/ruarobot/perturbations_0.onnx,vnnlib/ruarobot/hyperrectangle_6080.vnnlib,prepared,sat,0.05
safenlp_2024,onnx/ruarobot/perturbations_0.onnx,vnnlib/ruarobot/hyperrectangle_5554.vnnlib,prepared,sat,0.04
safenlp_2024,onnx/ruarobot/perturbations_0.onnx,vnnlib/ruarobot/hyperrectangle_3362.vnnlib,prepared,sat,0.04
safenlp_2024,onnx/ruarobot/perturbations_0.onnx,vnnlib/ruarobot/hyperrectangle_7496.vnnlib,prepared,unsat,5.07
safenlp_2024,onnx/ruarobot/perturbations_0.onnx,vnnlib/ruarobot/hyperrectangle_4124.vnnlib,prepared,sat,0.04
safenlp_2024,onnx/ruarobot/perturbations_0.onnx,vnnlib/ruarobot/hyperrectangle_7037.vnnlib,prepared,sat,0.04
safenlp_2024,onnx/medical/perturbations_0.onnx,vnnlib/medical/hyperrectangle_189.vnnlib,prepared,unsat,5.08
safenlp_2024,onnx/ruarobot/perturbations_0.onnx,vnnlib/ruarobot/hyperrectangle_4115.vnnlib,prepared,sat,0.04
safenlp_2024,onnx/ruarobot/perturbations_0.onnx,vnnlib/ruarobot/hyperrectangle_7766.vnnlib,prepared,sat,0.04
safenlp_2024,onnx/medical/perturbations_0.onnx,vnnlib/medical/hyperrectangle_1833.vnnlib,prepared,unsat,5.06
safenlp_2024,onnx/medical/perturbations_0.onnx,vnnlib/medical/hyperrectangle_624.vnnlib,prepared,unsat,5.14
safenlp_2024,onnx/ruarobot/perturbations_0.onnx,vnnlib/ruarobot/hyperrectangle_769.vnnlib,prepared,sat,0.06
safenlp_2024,onnx/ruarobot/perturbations_0.onnx,vnnlib/ruarobot/hyperrectangle_1671.vnnlib,prepared,sat,0.05
safenlp_2024,onnx/ruarobot/perturbations_0.onnx,vnnlib/ruarobot/hyperrectangle_35.vnnlib,prepared,sat,0.04
safenlp_2024,onnx/medical/perturbations_0.onnx,vnnlib/medical/hyperrectangle_668.vnnlib,prepared,unsat,5.08
safenlp_2024,onnx/ruarobot/perturbations_0.onnx,vnnlib/ruarobot/hyperrectangle_4786.vnnlib,prepared,sat,0.04
safenlp_2024,onnx/ruarobot/perturbations_0.onnx,vnnlib/ruarobot/hyperrectangle_4279.vnnlib,prepared,sat,0.04
safenlp_2024,onnx/ruarobot/perturbations_0.onnx,vnnlib/ruarobot/hyperrectangle_7155.vnnlib,prepared,sat,0.04
safenlp_2024,onnx/medical/perturbations_0.onnx,vnnlib/medical/hyperrectangle_54.vnnlib,prepared,unsat,5.07
safenlp_2024,onnx/ruarobot/perturbations_0.onnx,vnnlib/ruarobot/hyperrectangle_5870.vnnlib,prepared,sat,0.19
safenlp_2024,onnx/medical/perturbations_0.onnx,vnnlib/medical/hyperrectangle_1639.vnnlib,prepared,sat,0.04
safenlp_2024,onnx/ruarobot/perturbations_0.onnx,vnnlib/ruarobot/hyperrectangle_6140.vnnlib,prepared,sat,0.07
safenlp_2024,onnx/medical/perturbations_0.onnx,vnnlib/medical/hyperrectangle_41.vnnlib,prepared,unsat,6.22
safenlp_2024,onnx/ruarobot/perturbations_0.onnx,vnnlib/ruarobot/hyperrectangle_5998.vnnlib,prepared,timeout,27.40
safenlp_2024,onnx/ruarobot/perturbations_0.onnx,vnnlib/ruarobot/hyperrectangle_3996.vnnlib,prepared,sat,0.04
safenlp_2024,onnx/ruarobot/perturbations_0.onnx,vnnlib/ruarobot/hyperrectangle_5885.vnnlib,prepared,sat,0.04
safenlp_2024,onnx/ruarobot/perturbations_0.onnx,vnnlib/ruarobot/hyperrectangle_3035.vnnlib,prepared,unsat,5.45
safenlp_2024,onnx/ruarobot/perturbations_0.onnx,vnnlib/ruarobot/hyperrectangle_7545.vnnlib,prepared,unsat,26.97
safenlp_2024,onnx/ruarobot/perturbations_0.onnx,vnnlib/ruarobot/hyperrectangle_5540.vnnlib,prepared,sat,0.08
safenlp_2024,onnx/ruarobot/perturbations_0.onnx,vnnlib/ruarobot/hyperrectangle_7172.vnnlib,prepared,unsat,5.07
safenlp_2024,onnx/medical/perturbations_0.onnx,vnnlib/medical/hyperrectangle_594.vnnlib,prepared,unsat,5.08
safenlp_2024,onnx/ruarobot/perturbations_0.onnx,vnnlib/ruarobot/hyperrectangle_1154.vnnlib,0,unsat,9,seal-safenlp-u413-20260720T204558Z
safenlp_2024,onnx/ruarobot/perturbations_0.onnx,vnnlib/ruarobot/hyperrectangle_6648.vnnlib,prepared,sat,0.04
safenlp_2024,onnx/ruarobot/perturbations_0.onnx,vnnlib/ruarobot/hyperrectangle_3901.vnnlib,prepared,unsat,5.09
safenlp_2024,onnx/medical/perturbations_0.onnx,vnnlib/medical/hyperrectangle_1794.vnnlib,prepared,unsat,5.16
safenlp_2024,onnx/ruarobot/perturbations_0.onnx,vnnlib/ruarobot/hyperrectangle_33.vnnlib,prepared,sat,0.04
safenlp_2024,onnx/medical/perturbations_0.onnx,vnnlib/medical/hyperrectangle_311.vnnlib,prepared,unsat,5.05
safenlp_2024,onnx/medical/perturbations_0.onnx,vnnlib/medical/hyperrectangle_1784.vnnlib,prepared,unsat,5.13
safenlp_2024,onnx/ruarobot/perturbations_0.onnx,vnnlib/ruarobot/hyperrectangle_5233.vnnlib,prepared,sat,0.05
safenlp_2024,onnx/medical/perturbations_0.onnx,vnnlib/medical/hyperrectangle_1520.vnnlib,prepared,unsat,5.07
safenlp_2024,onnx/ruarobot/perturbations_0.onnx,vnnlib/ruarobot/hyperrectangle_196.vnnlib,prepared,sat,0.04
safenlp_2024,onnx/medical/perturbations_0.onnx,vnnlib/medical/hyperrectangle_929.vnnlib,prepared,unsat,5.06
safenlp_2024,onnx/medical/perturbations_0.onnx,vnnlib/medical/hyperrectangle_1163.vnnlib,prepared,sat,0.04
safenlp_2024,onnx/ruarobot/perturbations_0.onnx,vnnlib/ruarobot/hyperrectangle_5484.vnnlib,prepared,sat,0.04
safenlp_2024,onnx/medical/perturbations_0.onnx,vnnlib/medical/hyperrectangle_2588.vnnlib,prepared,unsat,5.06
safenlp_2024,onnx/ruarobot/perturbations_0.onnx,vnnlib/ruarobot/hyperrectangle_433.vnnlib,prepared,sat,0.04
safenlp_2024,onnx/medical/perturbations_0.onnx,vnnlib/medical/hyperrectangle_1332.vnnlib,prepared,unsat,5.07
safenlp_2024,onnx/ruarobot/perturbations_0.onnx,vnnlib/ruarobot/hyperrectangle_3958.vnnlib,prepared,sat,0.04
safenlp_2024,onnx/ruarobot/perturbations_0.onnx,vnnlib/ruarobot/hyperrectangle_3530.vnnlib,prepared,unsat,18
safenlp_2024,onnx/ruarobot/perturbations_0.onnx,vnnlib/ruarobot/hyperrectangle_6390.vnnlib,prepared,sat,0.04
safenlp_2024,onnx/medical/perturbations_0.onnx,vnnlib/medical/hyperrectangle_2784.vnnlib,prepared,unsat,5.07
safenlp_2024,onnx/ruarobot/perturbations_0.onnx,vnnlib/ruarobot/hyperrectangle_2779.vnnlib,prepared,sat,0.04
safenlp_2024,onnx/ruarobot/perturbations_0.onnx,vnnlib/ruarobot/hyperrectangle_4249.vnnlib,prepared,sat,0.04
safenlp_2024,onnx/ruarobot/perturbations_0.onnx,vnnlib/ruarobot/hyperrectangle_3223.vnnlib,prepared,sat,2.22
safenlp_2024,onnx/medical/perturbations_0.onnx,vnnlib/medical/hyperrectangle_2061.vnnlib,prepared,unsat,5.71
safenlp_2024,onnx/ruarobot/perturbations_0.onnx,vnnlib/ruarobot/hyperrectangle_7775.vnnlib,prepared,sat,0.04
safenlp_2024,onnx/medical/perturbations_0.onnx,vnnlib/medical/hyperrectangle_620.vnnlib,prepared,unsat,5.05
safenlp_2024,onnx/ruarobot/perturbations_0.onnx,vnnlib/ruarobot/hyperrectangle_4454.vnnlib,prepared,sat,0.04
safenlp_2024,onnx/ruarobot/perturbations_0.onnx,vnnlib/ruarobot/hyperrectangle_6870.vnnlib,prepared,sat,0.51
safenlp_2024,onnx/medical/perturbations_0.onnx,vnnlib/medical/hyperrectangle_2647.vnnlib,prepared,sat,0.04
safenlp_2024,onnx/ruarobot/perturbations_0.onnx,vnnlib/ruarobot/hyperrectangle_6942.vnnlib,prepared,sat,0.04
safenlp_2024,onnx/medical/perturbations_0.onnx,vnnlib/medical/hyperrectangle_913.vnnlib,prepared,unsat,5.07
safenlp_2024,onnx/ruarobot/perturbations_0.onnx,vnnlib/ruarobot/hyperrectangle_2685.vnnlib,prepared,sat,0.04
safenlp_2024,onnx/medical/perturbations_0.onnx,vnnlib/medical/hyperrectangle_2562.vnnlib,prepared,unsat,5.06
safenlp_2024,onnx/ruarobot/perturbations_0.onnx,vnnlib/ruarobot/hyperrectangle_4941.vnnlib,prepared,unsat,5.10
safenlp_2024,onnx/ruarobot/perturbations_0.onnx,vnnlib/ruarobot/hyperrectangle_3112.vnnlib,prepared,sat,0.05
safenlp_2024,onnx/ruarobot/perturbations_0.onnx,vnnlib/ruarobot/hyperrectangle_7684.vnnlib,prepared,sat,0.04
safenlp_2024,onnx/ruarobot/perturbations_0.onnx,vnnlib/ruarobot/hyperrectangle_7803.vnnlib,prepared,sat,0.04
safenlp_2024,onnx/ruarobot/perturbations_0.onnx,vnnlib/ruarobot/hyperrectangle_2729.vnnlib,prepared,sat,0.04
safenlp_2024,onnx/ruarobot/perturbations_0.onnx,vnnlib/ruarobot/hyperrectangle_405.vnnlib,prepared,timeout,30.33
safenlp_2024,onnx/ruarobot/perturbations_0.onnx,vnnlib/ruarobot/hyperrectangle_2163.vnnlib,prepared,sat,0.04
safenlp_2024,onnx/ruarobot/perturbations_0.onnx,vnnlib/ruarobot/hyperrectangle_3354.vnnlib,prepared,unsat,19
safenlp_2024,onnx/ruarobot/perturbations_0.onnx,vnnlib/ruarobot/hyperrectangle_2887.vnnlib,prepared,sat,0.04
safenlp_2024,onnx/ruarobot/perturbations_0.onnx,vnnlib/ruarobot/hyperrectangle_4388.vnnlib,prepared,timeout,30.20
safenlp_2024,onnx/ruarobot/perturbations_0.onnx,vnnlib/ruarobot/hyperrectangle_699.vnnlib,prepared,sat,0.04
safenlp_2024,onnx/ruarobot/perturbations_0.onnx,vnnlib/ruarobot/hyperrectangle_4957.vnnlib,prepared,unsat,5.84
safenlp_2024,onnx/ruarobot/perturbations_0.onnx,vnnlib/ruarobot/hyperrectangle_4323.vnnlib,prepared,sat,0.04
safenlp_2024,onnx/ruarobot/perturbations_0.onnx,vnnlib/ruarobot/hyperrectangle_4237.vnnlib,prepared,sat,0.04
safenlp_2024,onnx/medical/perturbations_0.onnx,vnnlib/medical/hyperrectangle_2321.vnnlib,prepared,unsat,23.23
safenlp_2024,onnx/medical/perturbations_0.onnx,vnnlib/medical/hyperrectangle_300.vnnlib,prepared,sat,0.04
safenlp_2024,onnx/ruarobot/perturbations_0.onnx,vnnlib/ruarobot/hyperrectangle_45.vnnlib,prepared,sat,0.07
safenlp_2024,onnx/ruarobot/perturbations_0.onnx,vnnlib/ruarobot/hyperrectangle_2552.vnnlib,prepared,sat,0.04
safenlp_2024,onnx/ruarobot/perturbations_0.onnx,vnnlib/ruarobot/hyperrectangle_2486.vnnlib,prepared,sat,0.07
safenlp_2024,onnx/ruarobot/perturbations_0.onnx,vnnlib/ruarobot/hyperrectangle_1368.vnnlib,prepared,sat,0.08
safenlp_2024,onnx/ruarobot/perturbations_0.onnx,vnnlib/ruarobot/hyperrectangle_7661.vnnlib,prepared,sat,0.04
safenlp_2024,onnx/ruarobot/perturbations_0.onnx,vnnlib/ruarobot/hyperrectangle_5009.vnnlib,prepared,sat,0.04
safenlp_2024,onnx/ruarobot/perturbations_0.onnx,vnnlib/ruarobot/hyperrectangle_6947.vnnlib,prepared,sat,0.04
safenlp_2024,onnx/ruarobot/perturbations_0.onnx,vnnlib/ruarobot/hyperrectangle_5912.vnnlib,prepared,sat,0.04
safenlp_2024,onnx/ruarobot/perturbations_0.onnx,vnnlib/ruarobot/hyperrectangle_775.vnnlib,prepared,sat,0.04
safenlp_2024,onnx/ruarobot/perturbations_0.onnx,vnnlib/ruarobot/hyperrectangle_4690.vnnlib,prepared,unsat,5.23
safenlp_2024,onnx/ruarobot/perturbations_0.onnx,vnnlib/ruarobot/hyperrectangle_491.vnnlib,prepared,sat,0.05
safenlp_2024,onnx/ruarobot/perturbations_0.onnx,vnnlib/ruarobot/hyperrectangle_6052.vnnlib,prepared,sat,0.04
safenlp_2024,onnx/ruarobot/perturbations_0.onnx,vnnlib/ruarobot/hyperrectangle_4905.vnnlib,prepared,sat,0.04
safenlp_2024,onnx/ruarobot/perturbations_0.onnx,vnnlib/ruarobot/hyperrectangle_2673.vnnlib,prepared,sat,0.04
safenlp_2024,onnx/ruarobot/perturbations_0.onnx,vnnlib/ruarobot/hyperrectangle_4289.vnnlib,prepared,unsat,5.71
safenlp_2024,onnx/ruarobot/perturbations_0.onnx,vnnlib/ruarobot/hyperrectangle_2841.vnnlib,prepared,sat,0.04
safenlp_2024,onnx/medical/perturbations_0.onnx,vnnlib/medical/hyperrectangle_500.vnnlib,prepared,unsat,0.04
safenlp_2024,onnx/ruarobot/perturbations_0.onnx,vnnlib/ruarobot/hyperrectangle_3574.vnnlib,prepared,sat,0.05
safenlp_2024,onnx/medical/perturbations_0.onnx,vnnlib/medical/hyperrectangle_177.vnnlib,prepared,unsat,5.12
safenlp_2024,onnx/ruarobot/perturbations_0.onnx,vnnlib/ruarobot/hyperrectangle_2596.vnnlib,prepared,sat,0.05
safenlp_2024,onnx/ruarobot/perturbations_0.onnx,vnnlib/ruarobot/hyperrectangle_3665.vnnlib,prepared,sat,0.68
safenlp_2024,onnx/ruarobot/perturbations_0.onnx,vnnlib/ruarobot/hyperrectangle_6658.vnnlib,prepared,sat,0.04
safenlp_2024,onnx/ruarobot/perturbations_0.onnx,vnnlib/ruarobot/hyperrectangle_5374.vnnlib,prepared,sat,0.04
safenlp_2024,onnx/ruarobot/perturbations_0.onnx,vnnlib/ruarobot/hyperrectangle_5199.vnnlib,prepared,sat,0.04
safenlp_2024,onnx/ruarobot/perturbations_0.onnx,vnnlib/ruarobot/hyperrectangle_6864.vnnlib,prepared,unsat,5.08
safenlp_2024,onnx/ruarobot/perturbations_0.onnx,vnnlib/ruarobot/hyperrectangle_244.vnnlib,prepared,sat,0.08
safenlp_2024,onnx/medical/perturbations_0.onnx,vnnlib/medical/hyperrectangle_2572.vnnlib,prepared,sat,0.08
safenlp_2024,onnx/ruarobot/perturbations_0.onnx,vnnlib/ruarobot/hyperrectangle_2845.vnnlib,prepared,sat,0.04
safenlp_2024,onnx/ruarobot/perturbations_0.onnx,vnnlib/ruarobot/hyperrectangle_161.vnnlib,prepared,sat,0.04
safenlp_2024,onnx/ruarobot/perturbations_0.onnx,vnnlib/ruarobot/hyperrectangle_1492.vnnlib,prepared,sat,0.05
safenlp_2024,onnx/ruarobot/perturbations_0.onnx,vnnlib/ruarobot/hyperrectangle_1527.vnnlib,prepared,sat,0.04
safenlp_2024,onnx/ruarobot/perturbations_0.onnx,vnnlib/ruarobot/hyperrectangle_6790.vnnlib,prepared,sat,0.08
safenlp_2024,onnx/ruarobot/perturbations_0.onnx,vnnlib/ruarobot/hyperrectangle_3445.vnnlib,prepared,unsat,5.33
safenlp_2024,onnx/medical/perturbations_0.onnx,vnnlib/medical/hyperrectangle_2777.vnnlib,prepared,sat,0.13
safenlp_2024,onnx/ruarobot/perturbations_0.onnx,vnnlib/ruarobot/hyperrectangle_4972.vnnlib,prepared,sat,0.04
safenlp_2024,onnx/ruarobot/perturbations_0.onnx,vnnlib/ruarobot/hyperrectangle_293.vnnlib,prepared,sat,0.04
safenlp_2024,onnx/medical/perturbations_0.onnx,vnnlib/medical/hyperrectangle_1549.vnnlib,prepared,unsat,5.08
safenlp_2024,onnx/ruarobot/perturbations_0.onnx,vnnlib/ruarobot/hyperrectangle_5973.vnnlib,prepared,sat,0.04
safenlp_2024,onnx/medical/perturbations_0.onnx,vnnlib/medical/hyperrectangle_1684.vnnlib,prepared,unsat,5.03
safenlp_2024,onnx/ruarobot/perturbations_0.onnx,vnnlib/ruarobot/hyperrectangle_6105.vnnlib,prepared,sat,0.04
safenlp_2024,onnx/medical/perturbations_0.onnx,vnnlib/medical/hyperrectangle_2697.vnnlib,prepared,sat,0.04
safenlp_2024,onnx/ruarobot/perturbations_0.onnx,vnnlib/ruarobot/hyperrectangle_3941.vnnlib,prepared,sat,0.04
safenlp_2024,onnx/ruarobot/perturbations_0.onnx,vnnlib/ruarobot/hyperrectangle_3961.vnnlib,prepared,unsat,21.90
safenlp_2024,onnx/ruarobot/perturbations_0.onnx,vnnlib/ruarobot/hyperrectangle_2489.vnnlib,prepared,sat,0.04
safenlp_2024,onnx/medical/perturbations_0.onnx,vnnlib/medical/hyperrectangle_949.vnnlib,prepared,unsat,5.04
safenlp_2024,onnx/medical/perturbations_0.onnx,vnnlib/medical/hyperrectangle_89.vnnlib,prepared,unsat,5.04
safenlp_2024,onnx/ruarobot/perturbations_0.onnx,vnnlib/ruarobot/hyperrectangle_634.vnnlib,prepared,unsat,24.98
safenlp_2024,onnx/ruarobot/perturbations_0.onnx,vnnlib/ruarobot/hyperrectangle_7437.vnnlib,prepared,sat,0.04
safenlp_2024,onnx/ruarobot/perturbations_0.onnx,vnnlib/ruarobot/hyperrectangle_2250.vnnlib,prepared,sat,0.05
safenlp_2024,onnx/ruarobot/perturbations_0.onnx,vnnlib/ruarobot/hyperrectangle_3481.vnnlib,prepared,unsat,5.07
safenlp_2024,onnx/medical/perturbations_0.onnx,vnnlib/medical/hyperrectangle_989.vnnlib,prepared,unsat,5.04
safenlp_2024,onnx/ruarobot/perturbations_0.onnx,vnnlib/ruarobot/hyperrectangle_5185.vnnlib,0,unsat,11,seal-safenlp-u513-20260720T204609Z
safenlp_2024,onnx/ruarobot/perturbations_0.onnx,vnnlib/ruarobot/hyperrectangle_2264.vnnlib,prepared,sat,0.04
safenlp_2024,onnx/ruarobot/perturbations_0.onnx,vnnlib/ruarobot/hyperrectangle_4911.vnnlib,prepared,sat,0.13
safenlp_2024,onnx/ruarobot/perturbations_0.onnx,vnnlib/ruarobot/hyperrectangle_3309.vnnlib,prepared,unsat,26.02
safenlp_2024,onnx/ruarobot/perturbations_0.onnx,vnnlib/ruarobot/hyperrectangle_823.vnnlib,prepared,sat,0.04
safenlp_2024,onnx/ruarobot/perturbations_0.onnx,vnnlib/ruarobot/hyperrectangle_2074.vnnlib,prepared,sat,0.04
safenlp_2024,onnx/ruarobot/perturbations_0.onnx,vnnlib/ruarobot/hyperrectangle_5600.vnnlib,prepared,sat,0.03
safenlp_2024,onnx/ruarobot/perturbations_0.onnx,vnnlib/ruarobot/hyperrectangle_2899.vnnlib,prepared,sat,0.04
safenlp_2024,onnx/medical/perturbations_0.onnx,vnnlib/medical/hyperrectangle_1691.vnnlib,prepared,unsat,0.04
safenlp_2024,onnx/ruarobot/perturbations_0.onnx,vnnlib/ruarobot/hyperrectangle_884.vnnlib,prepared,sat,0.04
safenlp_2024,onnx/ruarobot/perturbations_0.onnx,vnnlib/ruarobot/hyperrectangle_6981.vnnlib,prepared,unsat,29.10
safenlp_2024,onnx/ruarobot/perturbations_0.onnx,vnnlib/ruarobot/hyperrectangle_5679.vnnlib,prepared,timeout,30.19
safenlp_2024,onnx/medical/perturbations_0.onnx,vnnlib/medical/hyperrectangle_433.vnnlib,prepared,unsat,0.04
safenlp_2024,onnx/ruarobot/perturbations_0.onnx,vnnlib/ruarobot/hyperrectangle_1149.vnnlib,prepared,sat,0.05
safenlp_2024,onnx/ruarobot/perturbations_0.onnx,vnnlib/ruarobot/hyperrectangle_3442.vnnlib,prepared,sat,0.05
safenlp_2024,onnx/ruarobot/perturbations_0.onnx,vnnlib/ruarobot/hyperrectangle_6421.vnnlib,prepared,sat,0.05
safenlp_2024,onnx/ruarobot/perturbations_0.onnx,vnnlib/ruarobot/hyperrectangle_1011.vnnlib,prepared,sat,0.05
safenlp_2024,onnx/ruarobot/perturbations_0.onnx,vnnlib/ruarobot/hyperrectangle_5936.vnnlib,prepared,sat,0.05
safenlp_2024,onnx/medical/perturbations_0.onnx,vnnlib/medical/hyperrectangle_2724.vnnlib,prepared,unsat,5.17
safenlp_2024,onnx/ruarobot/perturbations_0.onnx,vnnlib/ruarobot/hyperrectangle_7855.vnnlib,prepared,sat,0.04
safenlp_2024,onnx/ruarobot/perturbations_0.onnx,vnnlib/ruarobot/hyperrectangle_1741.vnnlib,prepared,sat,0.05
safenlp_2024,onnx/ruarobot/perturbations_0.onnx,vnnlib/ruarobot/hyperrectangle_7435.vnnlib,prepared,timeout,30.17
safenlp_2024,onnx/ruarobot/perturbations_0.onnx,vnnlib/ruarobot/hyperrectangle_6065.vnnlib,prepared,timeout,30.21
safenlp_2024,onnx/ruarobot/perturbations_0.onnx,vnnlib/ruarobot/hyperrectangle_2181.vnnlib,prepared,unsat,5.19
safenlp_2024,onnx/ruarobot/perturbations_0.onnx,vnnlib/ruarobot/hyperrectangle_4457.vnnlib,prepared,sat,0.07
safenlp_2024,onnx/ruarobot/perturbations_0.onnx,vnnlib/ruarobot/hyperrectangle_7202.vnnlib,prepared,unsat,19
safenlp_2024,onnx/ruarobot/perturbations_0.onnx,vnnlib/ruarobot/hyperrectangle_6761.vnnlib,prepared,sat,0.04
safenlp_2024,onnx/ruarobot/perturbations_0.onnx,vnnlib/ruarobot/hyperrectangle_6597.vnnlib,prepared,timeout,30.75
safenlp_2024,onnx/ruarobot/perturbations_0.onnx,vnnlib/ruarobot/hyperrectangle_4823.vnnlib,prepared,sat,0.04
safenlp_2024,onnx/ruarobot/perturbations_0.onnx,vnnlib/ruarobot/hyperrectangle_7228.vnnlib,prepared,sat,0.04
safenlp_2024,onnx/medical/perturbations_0.onnx,vnnlib/medical/hyperrectangle_2740.vnnlib,prepared,unsat,5.07
safenlp_2024,onnx/medical/perturbations_0.onnx,vnnlib/medical/hyperrectangle_1363.vnnlib,prepared,unsat,6.61
safenlp_2024,onnx/ruarobot/perturbations_0.onnx,vnnlib/ruarobot/hyperrectangle_4830.vnnlib,prepared,sat,0.08
safenlp_2024,onnx/medical/perturbations_0.onnx,vnnlib/medical/hyperrectangle_2733.vnnlib,prepared,unsat,5.51
safenlp_2024,onnx/ruarobot/perturbations_0.onnx,vnnlib/ruarobot/hyperrectangle_3699.vnnlib,prepared,sat,0.04
safenlp_2024,onnx/ruarobot/perturbations_0.onnx,vnnlib/ruarobot/hyperrectangle_5698.vnnlib,prepared,sat,0.04
safenlp_2024,onnx/ruarobot/perturbations_0.onnx,vnnlib/ruarobot/hyperrectangle_6397.vnnlib,prepared,sat,0.04
safenlp_2024,onnx/ruarobot/perturbations_0.onnx,vnnlib/ruarobot/hyperrectangle_6586.vnnlib,prepared,sat,0.04
safenlp_2024,onnx/ruarobot/perturbations_0.onnx,vnnlib/ruarobot/hyperrectangle_1072.vnnlib,prepared,sat,0.07
safenlp_2024,onnx/ruarobot/perturbations_0.onnx,vnnlib/ruarobot/hyperrectangle_4651.vnnlib,prepared,sat,0.04
safenlp_2024,onnx/ruarobot/perturbations_0.onnx,vnnlib/ruarobot/hyperrectangle_71.vnnlib,prepared,sat,0.05
safenlp_2024,onnx/ruarobot/perturbations_0.onnx,vnnlib/ruarobot/hyperrectangle_3965.vnnlib,prepared,sat,0.05
safenlp_2024,onnx/ruarobot/perturbations_0.onnx,vnnlib/ruarobot/hyperrectangle_3056.vnnlib,prepared,sat,0.04
safenlp_2024,onnx/ruarobot/perturbations_0.onnx,vnnlib/ruarobot/hyperrectangle_7483.vnnlib,prepared,sat,0.05
safenlp_2024,onnx/ruarobot/perturbations_0.onnx,vnnlib/ruarobot/hyperrectangle_1682.vnnlib,prepared,unsat,22
safenlp_2024,onnx/medical/perturbations_0.onnx,vnnlib/medical/hyperrectangle_1091.vnnlib,prepared,unsat,5.06
safenlp_2024,onnx/medical/perturbations_0.onnx,vnnlib/medical/hyperrectangle_1309.vnnlib,prepared,unsat,0.04
safenlp_2024,onnx/ruarobot/perturbations_0.onnx,vnnlib/ruarobot/hyperrectangle_6931.vnnlib,prepared,sat,0.08
safenlp_2024,onnx/ruarobot/perturbations_0.onnx,vnnlib/ruarobot/hyperrectangle_418.vnnlib,prepared,sat,0.05
safenlp_2024,onnx/ruarobot/perturbations_0.onnx,vnnlib/ruarobot/hyperrectangle_5859.vnnlib,prepared,sat,0.03
safenlp_2024,onnx/medical/perturbations_0.onnx,vnnlib/medical/hyperrectangle_700.vnnlib,prepared,unsat,5.07
safenlp_2024,onnx/medical/perturbations_0.onnx,vnnlib/medical/hyperrectangle_2742.vnnlib,prepared,unsat,5.04
safenlp_2024,onnx/ruarobot/perturbations_0.onnx,vnnlib/ruarobot/hyperrectangle_3495.vnnlib,prepared,sat,4.33
safenlp_2024,onnx/ruarobot/perturbations_0.onnx,vnnlib/ruarobot/hyperrectangle_4291.vnnlib,prepared,unsat,18
safenlp_2024,onnx/medical/perturbations_0.onnx,vnnlib/medical/hyperrectangle_1464.vnnlib,prepared,unsat,0.06
safenlp_2024,onnx/ruarobot/perturbations_0.onnx,vnnlib/ruarobot/hyperrectangle_7154.vnnlib,prepared,unsat,28.13
safenlp_2024,onnx/medical/perturbations_0.onnx,vnnlib/medical/hyperrectangle_262.vnnlib,prepared,unsat,5.06
safenlp_2024,onnx/ruarobot/perturbations_0.onnx,vnnlib/ruarobot/hyperrectangle_831.vnnlib,prepared,unsat,5.04
safenlp_2024,onnx/ruarobot/perturbations_0.onnx,vnnlib/ruarobot/hyperrectangle_6807.vnnlib,prepared,sat,0.08
safenlp_2024,onnx/ruarobot/perturbations_0.onnx,vnnlib/ruarobot/hyperrectangle_2038.vnnlib,prepared,sat,0.05
safenlp_2024,onnx/ruarobot/perturbations_0.onnx,vnnlib/ruarobot/hyperrectangle_3772.vnnlib,prepared,sat,0.04
safenlp_2024,onnx/ruarobot/perturbations_0.onnx,vnnlib/ruarobot/hyperrectangle_5181.vnnlib,prepared,sat,0.04
safenlp_2024,onnx/ruarobot/perturbations_0.onnx,vnnlib/ruarobot/hyperrectangle_4121.vnnlib,prepared,unsat,18
safenlp_2024,onnx/ruarobot/perturbations_0.onnx,vnnlib/ruarobot/hyperrectangle_1602.vnnlib,prepared,sat,0.04
safenlp_2024,onnx/ruarobot/perturbations_0.onnx,vnnlib/ruarobot/hyperrectangle_2543.vnnlib,prepared,sat,0.04
safenlp_2024,onnx/ruarobot/perturbations_0.onnx,vnnlib/ruarobot/hyperrectangle_2660.vnnlib,prepared,sat,0.04
safenlp_2024,onnx/ruarobot/perturbations_0.onnx,vnnlib/ruarobot/hyperrectangle_942.vnnlib,prepared,timeout,30.16
safenlp_2024,onnx/ruarobot/perturbations_0.onnx,vnnlib/ruarobot/hyperrectangle_6702.vnnlib,prepared,sat,0.04
safenlp_2024,onnx/ruarobot/perturbations_0.onnx,vnnlib/ruarobot/hyperrectangle_7681.vnnlib,prepared,sat,0.04
safenlp_2024,onnx/medical/perturbations_0.onnx,vnnlib/medical/hyperrectangle_506.vnnlib,prepared,unsat,5.10
safenlp_2024,onnx/medical/perturbations_0.onnx,vnnlib/medical/hyperrectangle_1854.vnnlib,prepared,unsat,5.09
safenlp_2024,onnx/ruarobot/perturbations_0.onnx,vnnlib/ruarobot/hyperrectangle_5345.vnnlib,prepared,unsat,7.32
safenlp_2024,onnx/medical/perturbations_0.onnx,vnnlib/medical/hyperrectangle_2624.vnnlib,prepared,unsat,26.31
safenlp_2024,onnx/ruarobot/perturbations_0.onnx,vnnlib/ruarobot/hyperrectangle_7016.vnnlib,prepared,sat,0.04
safenlp_2024,onnx/ruarobot/perturbations_0.onnx,vnnlib/ruarobot/hyperrectangle_4456.vnnlib,prepared,unsat,5.45
safenlp_2024,onnx/medical/perturbations_0.onnx,vnnlib/medical/hyperrectangle_2119.vnnlib,prepared,sat,0.04
safenlp_2024,onnx/ruarobot/perturbations_0.onnx,vnnlib/ruarobot/hyperrectangle_6119.vnnlib,prepared,timeout,30.25
safenlp_2024,onnx/ruarobot/perturbations_0.onnx,vnnlib/ruarobot/hyperrectangle_3870.vnnlib,prepared,unsat,27.47
safenlp_2024,onnx/ruarobot/perturbations_0.onnx,vnnlib/ruarobot/hyperrectangle_7203.vnnlib,prepared,sat,0.04
safenlp_2024,onnx/ruarobot/perturbations_0.onnx,vnnlib/ruarobot/hyperrectangle_5984.vnnlib,prepared,unsat,21
safenlp_2024,onnx/ruarobot/perturbations_0.onnx,vnnlib/ruarobot/hyperrectangle_2460.vnnlib,prepared,sat,0.04
safenlp_2024,onnx/medical/perturbations_0.onnx,vnnlib/medical/hyperrectangle_1889.vnnlib,prepared,unsat,0.04
safenlp_2024,onnx/ruarobot/perturbations_0.onnx,vnnlib/ruarobot/hyperrectangle_65.vnnlib,prepared,sat,0.04
safenlp_2024,onnx/ruarobot/perturbations_0.onnx,vnnlib/ruarobot/hyperrectangle_2206.vnnlib,prepared,sat,0.04
safenlp_2024,onnx/ruarobot/perturbations_0.onnx,vnnlib/ruarobot/hyperrectangle_5054.vnnlib,prepared,sat,0.05
safenlp_2024,onnx/ruarobot/perturbations_0.onnx,vnnlib/ruarobot/hyperrectangle_1220.vnnlib,prepared,sat,0.04
safenlp_2024,onnx/ruarobot/perturbations_0.onnx,vnnlib/ruarobot/hyperrectangle_4521.vnnlib,prepared,unsat,24.82
safenlp_2024,onnx/ruarobot/perturbations_0.onnx,vnnlib/ruarobot/hyperrectangle_2900.vnnlib,0,unsat,8,seal-safenlp-u600-20260720T204623Z
safenlp_2024,onnx/medical/perturbations_0.onnx,vnnlib/medical/hyperrectangle_716.vnnlib,prepared,sat,0.04
safenlp_2024,onnx/medical/perturbations_0.onnx,vnnlib/medical/hyperrectangle_943.vnnlib,prepared,unsat,5.09
safenlp_2024,onnx/ruarobot/perturbations_0.onnx,vnnlib/ruarobot/hyperrectangle_6315.vnnlib,prepared,sat,0.09
safenlp_2024,onnx/medical/perturbations_0.onnx,vnnlib/medical/hyperrectangle_722.vnnlib,prepared,unsat,5.19
safenlp_2024,onnx/medical/perturbations_0.onnx,vnnlib/medical/hyperrectangle_956.vnnlib,prepared,timeout,28.64
safenlp_2024,onnx/ruarobot/perturbations_0.onnx,vnnlib/ruarobot/hyperrectangle_3319.vnnlib,prepared,unsat,19
safenlp_2024,onnx/medical/perturbations_0.onnx,vnnlib/medical/hyperrectangle_34.vnnlib,prepared,unsat,5.06
safenlp_2024,onnx/ruarobot/perturbations_0.onnx,vnnlib/ruarobot/hyperrectangle_5397.vnnlib,prepared,unsat,5.10
safenlp_2024,onnx/ruarobot/perturbations_0.onnx,vnnlib/ruarobot/hyperrectangle_7225.vnnlib,prepared,sat,0.04
safenlp_2024,onnx/ruarobot/perturbations_0.onnx,vnnlib/ruarobot/hyperrectangle_6132.vnnlib,prepared,sat,0.13
safenlp_2024,onnx/ruarobot/perturbations_0.onnx,vnnlib/ruarobot/hyperrectangle_2895.vnnlib,0,sat,9,seal-safenlp-i611-20260720T173728Z
safenlp_2024,onnx/ruarobot/perturbations_0.onnx,vnnlib/ruarobot/hyperrectangle_4265.vnnlib,prepared,sat,3.31
safenlp_2024,onnx/ruarobot/perturbations_0.onnx,vnnlib/ruarobot/hyperrectangle_5696.vnnlib,prepared,unsat,25.41
safenlp_2024,onnx/ruarobot/perturbations_0.onnx,vnnlib/ruarobot/hyperrectangle_5886.vnnlib,prepared,sat,0.05
safenlp_2024,onnx/ruarobot/perturbations_0.onnx,vnnlib/ruarobot/hyperrectangle_7561.vnnlib,prepared,sat,0.04
safenlp_2024,onnx/medical/perturbations_0.onnx,vnnlib/medical/hyperrectangle_958.vnnlib,prepared,sat,0.04
safenlp_2024,onnx/ruarobot/perturbations_0.onnx,vnnlib/ruarobot/hyperrectangle_1356.vnnlib,prepared,sat,0.40
safenlp_2024,onnx/ruarobot/perturbations_0.onnx,vnnlib/ruarobot/hyperrectangle_3285.vnnlib,prepared,sat,0.04
safenlp_2024,onnx/ruarobot/perturbations_0.onnx,vnnlib/ruarobot/hyperrectangle_4948.vnnlib,prepared,sat,0.04
safenlp_2024,onnx/ruarobot/perturbations_0.onnx,vnnlib/ruarobot/hyperrectangle_3935.vnnlib,prepared,sat,0.04
safenlp_2024,onnx/ruarobot/perturbations_0.onnx,vnnlib/ruarobot/hyperrectangle_5962.vnnlib,prepared,sat,0.04
safenlp_2024,onnx/ruarobot/perturbations_0.onnx,vnnlib/ruarobot/hyperrectangle_385.vnnlib,prepared,sat,0.05
safenlp_2024,onnx/ruarobot/perturbations_0.onnx,vnnlib/ruarobot/hyperrectangle_6277.vnnlib,prepared,unsat,5.16
safenlp_2024,onnx/ruarobot/perturbations_0.onnx,vnnlib/ruarobot/hyperrectangle_4870.vnnlib,prepared,sat,0.05
safenlp_2024,onnx/ruarobot/perturbations_0.onnx,vnnlib/ruarobot/hyperrectangle_4773.vnnlib,prepared,unsat,5.10
safenlp_2024,onnx/ruarobot/perturbations_0.onnx,vnnlib/ruarobot/hyperrectangle_6672.vnnlib,prepared,sat,0.04
safenlp_2024,onnx/ruarobot/perturbations_0.onnx,vnnlib/ruarobot/hyperrectangle_2804.vnnlib,prepared,sat,0.04
safenlp_2024,onnx/ruarobot/perturbations_0.onnx,vnnlib/ruarobot/hyperrectangle_3333.vnnlib,prepared,sat,0.04
safenlp_2024,onnx/ruarobot/perturbations_0.onnx,vnnlib/ruarobot/hyperrectangle_347.vnnlib,prepared,sat,0.04
safenlp_2024,onnx/ruarobot/perturbations_0.onnx,vnnlib/ruarobot/hyperrectangle_1534.vnnlib,prepared,sat,0.04
safenlp_2024,onnx/medical/perturbations_0.onnx,vnnlib/medical/hyperrectangle_869.vnnlib,0,sat,10,seal-safenlp-i631-20260720T173740Z
safenlp_2024,onnx/ruarobot/perturbations_0.onnx,vnnlib/ruarobot/hyperrectangle_3036.vnnlib,prepared,sat,0.04
safenlp_2024,onnx/ruarobot/perturbations_0.onnx,vnnlib/ruarobot/hyperrectangle_3555.vnnlib,prepared,timeout,30.19
safenlp_2024,onnx/ruarobot/perturbations_0.onnx,vnnlib/ruarobot/hyperrectangle_1420.vnnlib,prepared,sat,0.08
safenlp_2024,onnx/ruarobot/perturbations_0.onnx,vnnlib/ruarobot/hyperrectangle_1697.vnnlib,prepared,sat,0.04
safenlp_2024,onnx/medical/perturbations_0.onnx,vnnlib/medical/hyperrectangle_841.vnnlib,prepared,unsat,0.04
safenlp_2024,onnx/medical/perturbations_0.onnx,vnnlib/medical/hyperrectangle_771.vnnlib,prepared,sat,0.05
safenlp_2024,onnx/ruarobot/perturbations_0.onnx,vnnlib/ruarobot/hyperrectangle_58.vnnlib,prepared,sat,0.04
safenlp_2024,onnx/ruarobot/perturbations_0.onnx,vnnlib/ruarobot/hyperrectangle_6020.vnnlib,prepared,sat,0.07
safenlp_2024,onnx/medical/perturbations_0.onnx,vnnlib/medical/hyperrectangle_1748.vnnlib,prepared,unsat,0.04
safenlp_2024,onnx/ruarobot/perturbations_0.onnx,vnnlib/ruarobot/hyperrectangle_5001.vnnlib,prepared,unsat,5.20
safenlp_2024,onnx/ruarobot/perturbations_0.onnx,vnnlib/ruarobot/hyperrectangle_1190.vnnlib,prepared,unsat,23
safenlp_2024,onnx/ruarobot/perturbations_0.onnx,vnnlib/ruarobot/hyperrectangle_6503.vnnlib,prepared,sat,0.04
safenlp_2024,onnx/medical/perturbations_0.onnx,vnnlib/medical/hyperrectangle_59.vnnlib,prepared,unsat,5.08
safenlp_2024,onnx/ruarobot/perturbations_0.onnx,vnnlib/ruarobot/hyperrectangle_3702.vnnlib,prepared,sat,0.04
safenlp_2024,onnx/ruarobot/perturbations_0.onnx,vnnlib/ruarobot/hyperrectangle_2820.vnnlib,prepared,unsat,6.19
safenlp_2024,onnx/ruarobot/perturbations_0.onnx,vnnlib/ruarobot/hyperrectangle_7750.vnnlib,prepared,sat,0.05
safenlp_2024,onnx/ruarobot/perturbations_0.onnx,vnnlib/ruarobot/hyperrectangle_1215.vnnlib,prepared,sat,0.04
safenlp_2024,onnx/ruarobot/perturbations_0.onnx,vnnlib/ruarobot/hyperrectangle_2365.vnnlib,prepared,sat,0.18
safenlp_2024,onnx/ruarobot/perturbations_0.onnx,vnnlib/ruarobot/hyperrectangle_4630.vnnlib,prepared,sat,0.08
safenlp_2024,onnx/ruarobot/perturbations_0.onnx,vnnlib/ruarobot/hyperrectangle_5063.vnnlib,prepared,sat,0.10
safenlp_2024,onnx/ruarobot/perturbations_0.onnx,vnnlib/ruarobot/hyperrectangle_3188.vnnlib,prepared,sat,0.05
safenlp_2024,onnx/ruarobot/perturbations_0.onnx,vnnlib/ruarobot/hyperrectangle_5457.vnnlib,prepared,sat,0.04
safenlp_2024,onnx/ruarobot/perturbations_0.onnx,vnnlib/ruarobot/hyperrectangle_7476.vnnlib,prepared,unsat,5.08
safenlp_2024,onnx/ruarobot/perturbations_0.onnx,vnnlib/ruarobot/hyperrectangle_3222.vnnlib,prepared,sat,0.04
safenlp_2024,onnx/ruarobot/perturbations_0.onnx,vnnlib/ruarobot/hyperrectangle_1064.vnnlib,prepared,sat,0.06
safenlp_2024,onnx/ruarobot/perturbations_0.onnx,vnnlib/ruarobot/hyperrectangle_5293.vnnlib,prepared,sat,0.06
safenlp_2024,onnx/ruarobot/perturbations_0.onnx,vnnlib/ruarobot/hyperrectangle_5643.vnnlib,prepared,sat,0.04
safenlp_2024,onnx/ruarobot/perturbations_0.onnx,vnnlib/ruarobot/hyperrectangle_6743.vnnlib,prepared,sat,0.04
safenlp_2024,onnx/medical/perturbations_0.onnx,vnnlib/medical/hyperrectangle_1047.vnnlib,prepared,unsat,5.05
safenlp_2024,onnx/ruarobot/perturbations_0.onnx,vnnlib/ruarobot/hyperrectangle_4958.vnnlib,prepared,sat,0.04
safenlp_2024,onnx/ruarobot/perturbations_0.onnx,vnnlib/ruarobot/hyperrectangle_7443.vnnlib,prepared,sat,0.04
safenlp_2024,onnx/medical/perturbations_0.onnx,vnnlib/medical/hyperrectangle_2698.vnnlib,prepared,unsat,5.09
safenlp_2024,onnx/medical/perturbations_0.onnx,vnnlib/medical/hyperrectangle_1215.vnnlib,prepared,unsat,5.07
safenlp_2024,onnx/medical/perturbations_0.onnx,vnnlib/medical/hyperrectangle_2322.vnnlib,prepared,unsat,5.06
safenlp_2024,onnx/ruarobot/perturbations_0.onnx,vnnlib/ruarobot/hyperrectangle_1219.vnnlib,prepared,sat,0.04
safenlp_2024,onnx/ruarobot/perturbations_0.onnx,vnnlib/ruarobot/hyperrectangle_5519.vnnlib,prepared,sat,0.04
safenlp_2024,onnx/medical/perturbations_0.onnx,vnnlib/medical/hyperrectangle_586.vnnlib,prepared,unsat,5.08
safenlp_2024,onnx/ruarobot/perturbations_0.onnx,vnnlib/ruarobot/hyperrectangle_6937.vnnlib,prepared,unsat,5.08
safenlp_2024,onnx/medical/perturbations_0.onnx,vnnlib/medical/hyperrectangle_642.vnnlib,prepared,unsat,5.02
safenlp_2024,onnx/medical/perturbations_0.onnx,vnnlib/medical/hyperrectangle_866.vnnlib,prepared,unsat,5.13
safenlp_2024,onnx/medical/perturbations_0.onnx,vnnlib/medical/hyperrectangle_2847.vnnlib,prepared,unsat,5.07
safenlp_2024,onnx/ruarobot/perturbations_0.onnx,vnnlib/ruarobot/hyperrectangle_7767.vnnlib,prepared,sat,0.04
safenlp_2024,onnx/ruarobot/perturbations_0.onnx,vnnlib/ruarobot/hyperrectangle_777.vnnlib,prepared,sat,0.04
safenlp_2024,onnx/medical/perturbations_0.onnx,vnnlib/medical/hyperrectangle_1869.vnnlib,prepared,unsat,5.12
safenlp_2024,onnx/ruarobot/perturbations_0.onnx,vnnlib/ruarobot/hyperrectangle_1477.vnnlib,prepared,timeout,31.09
safenlp_2024,onnx/medical/perturbations_0.onnx,vnnlib/medical/hyperrectangle_2557.vnnlib,prepared,unsat,5.07
safenlp_2024,onnx/ruarobot/perturbations_0.onnx,vnnlib/ruarobot/hyperrectangle_7695.vnnlib,prepared,sat,0.04
safenlp_2024,onnx/medical/perturbations_0.onnx,vnnlib/medical/hyperrectangle_2680.vnnlib,prepared,sat,0.08
safenlp_2024,onnx/ruarobot/perturbations_0.onnx,vnnlib/ruarobot/hyperrectangle_4459.vnnlib,prepared,sat,0.04
safenlp_2024,onnx/ruarobot/perturbations_0.onnx,vnnlib/ruarobot/hyperrectangle_7865.vnnlib,prepared,sat,0.04
safenlp_2024,onnx/ruarobot/perturbations_0.onnx,vnnlib/ruarobot/hyperrectangle_1890.vnnlib,prepared,sat,0.04
safenlp_2024,onnx/ruarobot/perturbations_0.onnx,vnnlib/ruarobot/hyperrectangle_4123.vnnlib,prepared,sat,0.04
safenlp_2024,onnx/ruarobot/perturbations_0.onnx,vnnlib/ruarobot/hyperrectangle_1808.vnnlib,prepared,sat,0.04
safenlp_2024,onnx/ruarobot/perturbations_0.onnx,vnnlib/ruarobot/hyperrectangle_2363.vnnlib,prepared,sat,0.04
safenlp_2024,onnx/medical/perturbations_0.onnx,vnnlib/medical/hyperrectangle_14.vnnlib,prepared,sat,0.04
safenlp_2024,onnx/ruarobot/perturbations_0.onnx,vnnlib/ruarobot/hyperrectangle_2068.vnnlib,0,sat,10,seal-safenlp-i687-20260720T173751Z
safenlp_2024,onnx/medical/perturbations_0.onnx,vnnlib/medical/hyperrectangle_839.vnnlib,prepared,unsat,5.21
safenlp_2024,onnx/ruarobot/perturbations_0.onnx,vnnlib/ruarobot/hyperrectangle_959.vnnlib,prepared,sat,0.05
safenlp_2024,onnx/ruarobot/perturbations_0.onnx,vnnlib/ruarobot/hyperrectangle_5155.vnnlib,prepared,sat,0.14
safenlp_2024,onnx/medical/perturbations_0.onnx,vnnlib/medical/hyperrectangle_1739.vnnlib,prepared,unsat,22
safenlp_2024,onnx/ruarobot/perturbations_0.onnx,vnnlib/ruarobot/hyperrectangle_2734.vnnlib,prepared,unsat,24.93
safenlp_2024,onnx/ruarobot/perturbations_0.onnx,vnnlib/ruarobot/hyperrectangle_4230.vnnlib,prepared,sat,0.04
safenlp_2024,onnx/ruarobot/perturbations_0.onnx,vnnlib/ruarobot/hyperrectangle_6377.vnnlib,prepared,sat,0.04
safenlp_2024,onnx/ruarobot/perturbations_0.onnx,vnnlib/ruarobot/hyperrectangle_790.vnnlib,prepared,unsat,5.27
safenlp_2024,onnx/ruarobot/perturbations_0.onnx,vnnlib/ruarobot/hyperrectangle_1077.vnnlib,prepared,sat,3.00
safenlp_2024,onnx/ruarobot/perturbations_0.onnx,vnnlib/ruarobot/hyperrectangle_2558.vnnlib,prepared,sat,0.04
safenlp_2024,onnx/ruarobot/perturbations_0.onnx,vnnlib/ruarobot/hyperrectangle_5573.vnnlib,prepared,sat,0.04
safenlp_2024,onnx/ruarobot/perturbations_0.onnx,vnnlib/ruarobot/hyperrectangle_6604.vnnlib,prepared,sat,1.33
safenlp_2024,onnx/medical/perturbations_0.onnx,vnnlib/medical/hyperrectangle_2096.vnnlib,prepared,sat,2.87
safenlp_2024,onnx/ruarobot/perturbations_0.onnx,vnnlib/ruarobot/hyperrectangle_68.vnnlib,prepared,sat,0.13
safenlp_2024,onnx/medical/perturbations_0.onnx,vnnlib/medical/hyperrectangle_2607.vnnlib,prepared,unsat,5.07
safenlp_2024,onnx/ruarobot/perturbations_0.onnx,vnnlib/ruarobot/hyperrectangle_4884.vnnlib,prepared,unsat,5.06
safenlp_2024,onnx/ruarobot/perturbations_0.onnx,vnnlib/ruarobot/hyperrectangle_1936.vnnlib,prepared,sat,0.04
safenlp_2024,onnx/medical/perturbations_0.onnx,vnnlib/medical/hyperrectangle_2710.vnnlib,0,sat,12,seal-safenlp-i705-20260720T173804Z
safenlp_2024,onnx/medical/perturbations_0.onnx,vnnlib/medical/hyperrectangle_1037.vnnlib,prepared,unsat,5.95
safenlp_2024,onnx/ruarobot/perturbations_0.onnx,vnnlib/ruarobot/hyperrectangle_6373.vnnlib,prepared,sat,0.04
safenlp_2024,onnx/ruarobot/perturbations_0.onnx,vnnlib/ruarobot/hyperrectangle_7467.vnnlib,prepared,sat,0.04
safenlp_2024,onnx/ruarobot/perturbations_0.onnx,vnnlib/ruarobot/hyperrectangle_2259.vnnlib,prepared,sat,0.04
safenlp_2024,onnx/ruarobot/perturbations_0.onnx,vnnlib/ruarobot/hyperrectangle_4496.vnnlib,prepared,unsat,22
safenlp_2024,onnx/ruarobot/perturbations_0.onnx,vnnlib/ruarobot/hyperrectangle_3316.vnnlib,prepared,sat,0.04
safenlp_2024,onnx/medical/perturbations_0.onnx,vnnlib/medical/hyperrectangle_267.vnnlib,prepared,unsat,6.38
safenlp_2024,onnx/medical/perturbations_0.onnx,vnnlib/medical/hyperrectangle_672.vnnlib,prepared,unsat,20
safenlp_2024,onnx/ruarobot/perturbations_0.onnx,vnnlib/ruarobot/hyperrectangle_6215.vnnlib,prepared,sat,0.05
safenlp_2024,onnx/ruarobot/perturbations_0.onnx,vnnlib/ruarobot/hyperrectangle_1521.vnnlib,prepared,sat,0.04
safenlp_2024,onnx/ruarobot/perturbations_0.onnx,vnnlib/ruarobot/hyperrectangle_626.vnnlib,prepared,unsat,5.46
safenlp_2024,onnx/ruarobot/perturbations_0.onnx,vnnlib/ruarobot/hyperrectangle_5024.vnnlib,prepared,sat,0.04
safenlp_2024,onnx/ruarobot/perturbations_0.onnx,vnnlib/ruarobot/hyperrectangle_5134.vnnlib,prepared,sat,0.08
safenlp_2024,onnx/medical/perturbations_0.onnx,vnnlib/medical/hyperrectangle_1993.vnnlib,prepared,unsat,5.13
safenlp_2024,onnx/ruarobot/perturbations_0.onnx,vnnlib/ruarobot/hyperrectangle_5980.vnnlib,prepared,sat,0.04
safenlp_2024,onnx/ruarobot/perturbations_0.onnx,vnnlib/ruarobot/hyperrectangle_6430.vnnlib,prepared,sat,4.69
safenlp_2024,onnx/ruarobot/perturbations_0.onnx,vnnlib/ruarobot/hyperrectangle_477.vnnlib,prepared,sat,0.04
safenlp_2024,onnx/ruarobot/perturbations_0.onnx,vnnlib/ruarobot/hyperrectangle_5317.vnnlib,prepared,sat,0.05
safenlp_2024,onnx/ruarobot/perturbations_0.onnx,vnnlib/ruarobot/hyperrectangle_3259.vnnlib,prepared,timeout,28.53
safenlp_2024,onnx/ruarobot/perturbations_0.onnx,vnnlib/ruarobot/hyperrectangle_7735.vnnlib,prepared,sat,0.04
safenlp_2024,onnx/ruarobot/perturbations_0.onnx,vnnlib/ruarobot/hyperrectangle_2784.vnnlib,prepared,sat,0.04
safenlp_2024,onnx/ruarobot/perturbations_0.onnx,vnnlib/ruarobot/hyperrectangle_2697.vnnlib,prepared,sat,0.07
safenlp_2024,onnx/medical/perturbations_0.onnx,vnnlib/medical/hyperrectangle_2101.vnnlib,prepared,unsat,18
safenlp_2024,onnx/ruarobot/perturbations_0.onnx,vnnlib/ruarobot/hyperrectangle_3016.vnnlib,prepared,sat,0.04
safenlp_2024,onnx/ruarobot/perturbations_0.onnx,vnnlib/ruarobot/hyperrectangle_6536.vnnlib,prepared,sat,0.04
safenlp_2024,onnx/ruarobot/perturbations_0.onnx,vnnlib/ruarobot/hyperrectangle_7578.vnnlib,prepared,sat,0.04
safenlp_2024,onnx/ruarobot/perturbations_0.onnx,vnnlib/ruarobot/hyperrectangle_3654.vnnlib,prepared,sat,0.04
safenlp_2024,onnx/ruarobot/perturbations_0.onnx,vnnlib/ruarobot/hyperrectangle_5526.vnnlib,prepared,unsat,7.32
safenlp_2024,onnx/ruarobot/perturbations_0.onnx,vnnlib/ruarobot/hyperrectangle_1608.vnnlib,prepared,unsat,7.31
safenlp_2024,onnx/ruarobot/perturbations_0.onnx,vnnlib/ruarobot/hyperrectangle_1923.vnnlib,prepared,unsat,5.10
safenlp_2024,onnx/ruarobot/perturbations_0.onnx,vnnlib/ruarobot/hyperrectangle_2744.vnnlib,prepared,sat,0.04
safenlp_2024,onnx/ruarobot/perturbations_0.onnx,vnnlib/ruarobot/hyperrectangle_929.vnnlib,prepared,sat,0.04
safenlp_2024,onnx/ruarobot/perturbations_0.onnx,vnnlib/ruarobot/hyperrectangle_5265.vnnlib,prepared,sat,0.08
safenlp_2024,onnx/medical/perturbations_0.onnx,vnnlib/medical/hyperrectangle_1506.vnnlib,prepared,unsat,5.08
safenlp_2024,onnx/ruarobot/perturbations_0.onnx,vnnlib/ruarobot/hyperrectangle_3154.vnnlib,prepared,sat,0.04
safenlp_2024,onnx/ruarobot/perturbations_0.onnx,vnnlib/ruarobot/hyperrectangle_2203.vnnlib,prepared,sat,0.07
safenlp_2024,onnx/ruarobot/perturbations_0.onnx,vnnlib/ruarobot/hyperrectangle_3653.vnnlib,prepared,sat,0.08
safenlp_2024,onnx/ruarobot/perturbations_0.onnx,vnnlib/ruarobot/hyperrectangle_4061.vnnlib,prepared,unsat,28.34
safenlp_2024,onnx/ruarobot/perturbations_0.onnx,vnnlib/ruarobot/hyperrectangle_6049.vnnlib,prepared,sat,0.07
safenlp_2024,onnx/ruarobot/perturbations_0.onnx,vnnlib/ruarobot/hyperrectangle_3529.vnnlib,prepared,sat,0.06
safenlp_2024,onnx/ruarobot/perturbations_0.onnx,vnnlib/ruarobot/hyperrectangle_2395.vnnlib,prepared,sat,0.04
safenlp_2024,onnx/ruarobot/perturbations_0.onnx,vnnlib/ruarobot/hyperrectangle_6058.vnnlib,prepared,timeout,30.23
safenlp_2024,onnx/ruarobot/perturbations_0.onnx,vnnlib/ruarobot/hyperrectangle_7633.vnnlib,prepared,sat,0.05
safenlp_2024,onnx/ruarobot/perturbations_0.onnx,vnnlib/ruarobot/hyperrectangle_999.vnnlib,prepared,sat,0.29
safenlp_2024,onnx/ruarobot/perturbations_0.onnx,vnnlib/ruarobot/hyperrectangle_5237.vnnlib,prepared,sat,0.04
safenlp_2024,onnx/ruarobot/perturbations_0.onnx,vnnlib/ruarobot/hyperrectangle_7616.vnnlib,prepared,sat,0.04
safenlp_2024,onnx/ruarobot/perturbations_0.onnx,vnnlib/ruarobot/hyperrectangle_2787.vnnlib,prepared,sat,0.04
safenlp_2024,onnx/ruarobot/perturbations_0.onnx,vnnlib/ruarobot/hyperrectangle_2533.vnnlib,prepared,sat,0.04
safenlp_2024,onnx/medical/perturbations_0.onnx,vnnlib/medical/hyperrectangle_2168.vnnlib,prepared,unsat,5.11
safenlp_2024,onnx/ruarobot/perturbations_0.onnx,vnnlib/ruarobot/hyperrectangle_5128.vnnlib,prepared,sat,0.04
safenlp_2024,onnx/medical/perturbations_0.onnx,vnnlib/medical/hyperrectangle_2868.vnnlib,prepared,sat,0.04
safenlp_2024,onnx/ruarobot/perturbations_0.onnx,vnnlib/ruarobot/hyperrectangle_3719.vnnlib,prepared,sat,0.05
safenlp_2024,onnx/medical/perturbations_0.onnx,vnnlib/medical/hyperrectangle_944.vnnlib,prepared,unsat,5.16
safenlp_2024,onnx/medical/perturbations_0.onnx,vnnlib/medical/hyperrectangle_1546.vnnlib,prepared,unsat,5.04
safenlp_2024,onnx/ruarobot/perturbations_0.onnx,vnnlib/ruarobot/hyperrectangle_5900.vnnlib,prepared,sat,0.05
safenlp_2024,onnx/ruarobot/perturbations_0.onnx,vnnlib/ruarobot/hyperrectangle_4438.vnnlib,prepared,sat,0.05
safenlp_2024,onnx/ruarobot/perturbations_0.onnx,vnnlib/ruarobot/hyperrectangle_7875.vnnlib,prepared,unsat,5.20
safenlp_2024,onnx/ruarobot/perturbations_0.onnx,vnnlib/ruarobot/hyperrectangle_469.vnnlib,0,unsat,13,seal-safenlp-u763-20260720T204633Z
safenlp_2024,onnx/medical/perturbations_0.onnx,vnnlib/medical/hyperrectangle_1738.vnnlib,prepared,unsat,5.09
safenlp_2024,onnx/medical/perturbations_0.onnx,vnnlib/medical/hyperrectangle_237.vnnlib,prepared,unsat,5.34
safenlp_2024,onnx/medical/perturbations_0.onnx,vnnlib/medical/hyperrectangle_2430.vnnlib,prepared,unsat,5.05
safenlp_2024,onnx/medical/perturbations_0.onnx,vnnlib/medical/hyperrectangle_947.vnnlib,prepared,unsat,5.07
safenlp_2024,onnx/medical/perturbations_0.onnx,vnnlib/medical/hyperrectangle_2663.vnnlib,prepared,unsat,5.07
safenlp_2024,onnx/ruarobot/perturbations_0.onnx,vnnlib/ruarobot/hyperrectangle_4803.vnnlib,prepared,sat,0.04
safenlp_2024,onnx/ruarobot/perturbations_0.onnx,vnnlib/ruarobot/hyperrectangle_5828.vnnlib,prepared,sat,0.18
safenlp_2024,onnx/ruarobot/perturbations_0.onnx,vnnlib/ruarobot/hyperrectangle_4295.vnnlib,prepared,sat,0.04
safenlp_2024,onnx/ruarobot/perturbations_0.onnx,vnnlib/ruarobot/hyperrectangle_2399.vnnlib,prepared,sat,0.04
safenlp_2024,onnx/medical/perturbations_0.onnx,vnnlib/medical/hyperrectangle_1709.vnnlib,prepared,unsat,5.08
safenlp_2024,onnx/ruarobot/perturbations_0.onnx,vnnlib/ruarobot/hyperrectangle_531.vnnlib,prepared,sat,0.04
safenlp_2024,onnx/ruarobot/perturbations_0.onnx,vnnlib/ruarobot/hyperrectangle_6319.vnnlib,prepared,timeout,25.51
safenlp_2024,onnx/medical/perturbations_0.onnx,vnnlib/medical/hyperrectangle_2516.vnnlib,prepared,unsat,5.06
safenlp_2024,onnx/medical/perturbations_0.onnx,vnnlib/medical/hyperrectangle_1705.vnnlib,prepared,unsat,0.04
safenlp_2024,onnx/ruarobot/perturbations_0.onnx,vnnlib/ruarobot/hyperrectangle_5660.vnnlib,prepared,sat,0.04
safenlp_2024,onnx/medical/perturbations_0.onnx,vnnlib/medical/hyperrectangle_1587.vnnlib,prepared,sat,0.08
safenlp_2024,onnx/medical/perturbations_0.onnx,vnnlib/medical/hyperrectangle_1476.vnnlib,prepared,sat,0.85
safenlp_2024,onnx/ruarobot/perturbations_0.onnx,vnnlib/ruarobot/hyperrectangle_2439.vnnlib,prepared,sat,0.04
safenlp_2024,onnx/ruarobot/perturbations_0.onnx,vnnlib/ruarobot/hyperrectangle_7503.vnnlib,prepared,unsat,28.36
safenlp_2024,onnx/medical/perturbations_0.onnx,vnnlib/medical/hyperrectangle_662.vnnlib,prepared,unsat,5.19
safenlp_2024,onnx/medical/perturbations_0.onnx,vnnlib/medical/hyperrectangle_1263.vnnlib,prepared,unsat,5.06
safenlp_2024,onnx/ruarobot/perturbations_0.onnx,vnnlib/ruarobot/hyperrectangle_6914.vnnlib,prepared,unsat,5.09
safenlp_2024,onnx/medical/perturbations_0.onnx,vnnlib/medical/hyperrectangle_2464.vnnlib,prepared,sat,0.46
safenlp_2024,onnx/ruarobot/perturbations_0.onnx,vnnlib/ruarobot/hyperrectangle_6890.vnnlib,prepared,sat,0.05
safenlp_2024,onnx/medical/perturbations_0.onnx,vnnlib/medical/hyperrectangle_1032.vnnlib,prepared,unsat,5.09
safenlp_2024,onnx/ruarobot/perturbations_0.onnx,vnnlib/ruarobot/hyperrectangle_2593.vnnlib,prepared,sat,0.04
safenlp_2024,onnx/ruarobot/perturbations_0.onnx,vnnlib/ruarobot/hyperrectangle_4557.vnnlib,prepared,unsat,5.04
safenlp_2024,onnx/medical/perturbations_0.onnx,vnnlib/medical/hyperrectangle_2695.vnnlib,prepared,unsat,23
safenlp_2024,onnx/ruarobot/perturbations_0.onnx,vnnlib/ruarobot/hyperrectangle_3465.vnnlib,prepared,unsat,24.83
safenlp_2024,onnx/ruarobot/perturbations_0.onnx,vnnlib/ruarobot/hyperrectangle_3449.vnnlib,prepared,sat,0.04
safenlp_2024,onnx/medical/perturbations_0.onnx,vnnlib/medical/hyperrectangle_660.vnnlib,prepared,unsat,5.18
safenlp_2024,onnx/ruarobot/perturbations_0.onnx,vnnlib/ruarobot/hyperrectangle_3286.vnnlib,prepared,unsat,5.08
safenlp_2024,onnx/medical/perturbations_0.onnx,vnnlib/medical/hyperrectangle_548.vnnlib,prepared,unsat,5.04
safenlp_2024,onnx/medical/perturbations_0.onnx,vnnlib/medical/hyperrectangle_1415.vnnlib,prepared,sat,0.04
safenlp_2024,onnx/ruarobot/perturbations_0.onnx,vnnlib/ruarobot/hyperrectangle_492.vnnlib,prepared,sat,0.04
safenlp_2024,onnx/ruarobot/perturbations_0.onnx,vnnlib/ruarobot/hyperrectangle_3547.vnnlib,prepared,unsat,5.66
safenlp_2024,onnx/ruarobot/perturbations_0.onnx,vnnlib/ruarobot/hyperrectangle_4305.vnnlib,prepared,sat,0.04
safenlp_2024,onnx/medical/perturbations_0.onnx,vnnlib/medical/hyperrectangle_2219.vnnlib,prepared,unsat,5.04
safenlp_2024,onnx/ruarobot/perturbations_0.onnx,vnnlib/ruarobot/hyperrectangle_5928.vnnlib,prepared,sat,0.04
safenlp_2024,onnx/ruarobot/perturbations_0.onnx,vnnlib/ruarobot/hyperrectangle_4679.vnnlib,prepared,sat,0.05
safenlp_2024,onnx/ruarobot/perturbations_0.onnx,vnnlib/ruarobot/hyperrectangle_2956.vnnlib,prepared,unsat,5.08
safenlp_2024,onnx/ruarobot/perturbations_0.onnx,vnnlib/ruarobot/hyperrectangle_3840.vnnlib,prepared,unsat,5.07
safenlp_2024,onnx/medical/perturbations_0.onnx,vnnlib/medical/hyperrectangle_2541.vnnlib,prepared,sat,0.04
safenlp_2024,onnx/ruarobot/perturbations_0.onnx,vnnlib/ruarobot/hyperrectangle_2914.vnnlib,prepared,sat,0.04
safenlp_2024,onnx/ruarobot/perturbations_0.onnx,vnnlib/ruarobot/hyperrectangle_2018.vnnlib,prepared,sat,0.04
safenlp_2024,onnx/ruarobot/perturbations_0.onnx,vnnlib/ruarobot/hyperrectangle_5248.vnnlib,prepared,sat,0.04
safenlp_2024,onnx/medical/perturbations_0.onnx,vnnlib/medical/hyperrectangle_1443.vnnlib,prepared,unsat,0.04
safenlp_2024,onnx/medical/perturbations_0.onnx,vnnlib/medical/hyperrectangle_2053.vnnlib,prepared,unsat,5.08
safenlp_2024,onnx/medical/perturbations_0.onnx,vnnlib/medical/hyperrectangle_2334.vnnlib,prepared,timeout,31.10
safenlp_2024,onnx/ruarobot/perturbations_0.onnx,vnnlib/ruarobot/hyperrectangle_6652.vnnlib,prepared,sat,0.04
safenlp_2024,onnx/ruarobot/perturbations_0.onnx,vnnlib/ruarobot/hyperrectangle_4142.vnnlib,prepared,sat,0.04
safenlp_2024,onnx/ruarobot/perturbations_0.onnx,vnnlib/ruarobot/hyperrectangle_2788.vnnlib,prepared,sat,0.04
safenlp_2024,onnx/ruarobot/perturbations_0.onnx,vnnlib/ruarobot/hyperrectangle_5670.vnnlib,prepared,sat,0.04
safenlp_2024,onnx/ruarobot/perturbations_0.onnx,vnnlib/ruarobot/hyperrectangle_2473.vnnlib,prepared,sat,0.04
safenlp_2024,onnx/ruarobot/perturbations_0.onnx,vnnlib/ruarobot/hyperrectangle_6241.vnnlib,0,sat,10,seal-safenlp-i818-20260720T173817Z
safenlp_2024,onnx/ruarobot/perturbations_0.onnx,vnnlib/ruarobot/hyperrectangle_3808.vnnlib,prepared,unsat,20
safenlp_2024,onnx/ruarobot/perturbations_0.onnx,vnnlib/ruarobot/hyperrectangle_7130.vnnlib,prepared,sat,0.04
safenlp_2024,onnx/ruarobot/perturbations_0.onnx,vnnlib/ruarobot/hyperrectangle_6819.vnnlib,prepared,timeout,30.19
safenlp_2024,onnx/medical/perturbations_0.onnx,vnnlib/medical/hyperrectangle_587.vnnlib,prepared,timeout,30.94
safenlp_2024,onnx/ruarobot/perturbations_0.onnx,vnnlib/ruarobot/hyperrectangle_5800.vnnlib,prepared,sat,0.04
safenlp_2024,onnx/ruarobot/perturbations_0.onnx,vnnlib/ruarobot/hyperrectangle_4908.vnnlib,prepared,unsat,22
safenlp_2024,onnx/medical/perturbations_0.onnx,vnnlib/medical/hyperrectangle_1582.vnnlib,prepared,unsat,7.54
safenlp_2024,onnx/ruarobot/perturbations_0.onnx,vnnlib/ruarobot/hyperrectangle_2903.vnnlib,prepared,sat,0.04
safenlp_2024,onnx/medical/perturbations_0.onnx,vnnlib/medical/hyperrectangle_2231.vnnlib,prepared,sat,0.04
safenlp_2024,onnx/medical/perturbations_0.onnx,vnnlib/medical/hyperrectangle_2714.vnnlib,0,sat,9,seal-safenlp-i828-20260720T173829Z
safenlp_2024,onnx/ruarobot/perturbations_0.onnx,vnnlib/ruarobot/hyperrectangle_6939.vnnlib,prepared,unsat,23.13
safenlp_2024,onnx/ruarobot/perturbations_0.onnx,vnnlib/ruarobot/hyperrectangle_6120.vnnlib,prepared,sat,0.06
safenlp_2024,onnx/ruarobot/perturbations_0.onnx,vnnlib/ruarobot/hyperrectangle_5360.vnnlib,prepared,sat,0.05
safenlp_2024,onnx/medical/perturbations_0.onnx,vnnlib/medical/hyperrectangle_2057.vnnlib,prepared,unsat,28.80
safenlp_2024,onnx/ruarobot/perturbations_0.onnx,vnnlib/ruarobot/hyperrectangle_4258.vnnlib,prepared,sat,0.05
safenlp_2024,onnx/medical/perturbations_0.onnx,vnnlib/medical/hyperrectangle_710.vnnlib,prepared,unsat,5.09
safenlp_2024,onnx/ruarobot/perturbations_0.onnx,vnnlib/ruarobot/hyperrectangle_784.vnnlib,prepared,sat,0.04
safenlp_2024,onnx/ruarobot/perturbations_0.onnx,vnnlib/ruarobot/hyperrectangle_1334.vnnlib,prepared,sat,0.04
safenlp_2024,onnx/medical/perturbations_0.onnx,vnnlib/medical/hyperrectangle_1623.vnnlib,prepared,unsat,5.06
safenlp_2024,onnx/ruarobot/perturbations_0.onnx,vnnlib/ruarobot/hyperrectangle_1997.vnnlib,0,sat,10,seal-safenlp-i838-20260720T173840Z
safenlp_2024,onnx/ruarobot/perturbations_0.onnx,vnnlib/ruarobot/hyperrectangle_791.vnnlib,prepared,sat,0.05
safenlp_2024,onnx/medical/perturbations_0.onnx,vnnlib/medical/hyperrectangle_2524.vnnlib,prepared,unsat,6.80
safenlp_2024,onnx/ruarobot/perturbations_0.onnx,vnnlib/ruarobot/hyperrectangle_3123.vnnlib,prepared,sat,0.05
safenlp_2024,onnx/ruarobot/perturbations_0.onnx,vnnlib/ruarobot/hyperrectangle_7418.vnnlib,prepared,sat,0.05
safenlp_2024,onnx/ruarobot/perturbations_0.onnx,vnnlib/ruarobot/hyperrectangle_7692.vnnlib,prepared,sat,0.04
safenlp_2024,onnx/ruarobot/perturbations_0.onnx,vnnlib/ruarobot/hyperrectangle_547.vnnlib,prepared,sat,0.04
safenlp_2024,onnx/ruarobot/perturbations_0.onnx,vnnlib/ruarobot/hyperrectangle_7226.vnnlib,prepared,timeout,30.19
safenlp_2024,onnx/ruarobot/perturbations_0.onnx,vnnlib/ruarobot/hyperrectangle_821.vnnlib,prepared,unsat,5.33
safenlp_2024,onnx/ruarobot/perturbations_0.onnx,vnnlib/ruarobot/hyperrectangle_6416.vnnlib,prepared,sat,0.20
safenlp_2024,onnx/ruarobot/perturbations_0.onnx,vnnlib/ruarobot/hyperrectangle_5688.vnnlib,prepared,sat,0.05
safenlp_2024,onnx/ruarobot/perturbations_0.onnx,vnnlib/ruarobot/hyperrectangle_1302.vnnlib,prepared,sat,0.04
safenlp_2024,onnx/ruarobot/perturbations_0.onnx,vnnlib/ruarobot/hyperrectangle_6614.vnnlib,prepared,unsat,26.61
safenlp_2024,onnx/ruarobot/perturbations_0.onnx,vnnlib/ruarobot/hyperrectangle_6909.vnnlib,prepared,sat,0.03
safenlp_2024,onnx/ruarobot/perturbations_0.onnx,vnnlib/ruarobot/hyperrectangle_2234.vnnlib,prepared,sat,0.05
safenlp_2024,onnx/ruarobot/perturbations_0.onnx,vnnlib/ruarobot/hyperrectangle_2566.vnnlib,prepared,unsat,5.36
safenlp_2024,onnx/ruarobot/perturbations_0.onnx,vnnlib/ruarobot/hyperrectangle_55.vnnlib,prepared,sat,0.04
safenlp_2024,onnx/ruarobot/perturbations_0.onnx,vnnlib/ruarobot/hyperrectangle_4101.vnnlib,prepared,sat,0.04
safenlp_2024,onnx/medical/perturbations_0.onnx,vnnlib/medical/hyperrectangle_780.vnnlib,prepared,unsat,5.07
safenlp_2024,onnx/ruarobot/perturbations_0.onnx,vnnlib/ruarobot/hyperrectangle_2257.vnnlib,prepared,sat,0.05
safenlp_2024,onnx/medical/perturbations_0.onnx,vnnlib/medical/hyperrectangle_2407.vnnlib,prepared,unsat,5.05
safenlp_2024,onnx/ruarobot/perturbations_0.onnx,vnnlib/ruarobot/hyperrectangle_4236.vnnlib,prepared,timeout,30.46
safenlp_2024,onnx/ruarobot/perturbations_0.onnx,vnnlib/ruarobot/hyperrectangle_3212.vnnlib,prepared,sat,0.56
safenlp_2024,onnx/ruarobot/perturbations_0.onnx,vnnlib/ruarobot/hyperrectangle_2686.vnnlib,prepared,sat,0.05
safenlp_2024,onnx/ruarobot/perturbations_0.onnx,vnnlib/ruarobot/hyperrectangle_4862.vnnlib,prepared,unsat,29.23
safenlp_2024,onnx/ruarobot/perturbations_0.onnx,vnnlib/ruarobot/hyperrectangle_5493.vnnlib,prepared,unsat,25.91
safenlp_2024,onnx/ruarobot/perturbations_0.onnx,vnnlib/ruarobot/hyperrectangle_6547.vnnlib,prepared,sat,0.05
safenlp_2024,onnx/ruarobot/perturbations_0.onnx,vnnlib/ruarobot/hyperrectangle_4662.vnnlib,prepared,unsat,5.37
safenlp_2024,onnx/ruarobot/perturbations_0.onnx,vnnlib/ruarobot/hyperrectangle_4637.vnnlib,prepared,sat,0.04
safenlp_2024,onnx/ruarobot/perturbations_0.onnx,vnnlib/ruarobot/hyperrectangle_7874.vnnlib,prepared,sat,0.04
safenlp_2024,onnx/medical/perturbations_0.onnx,vnnlib/medical/hyperrectangle_1353.vnnlib,prepared,unsat,0.04
safenlp_2024,onnx/medical/perturbations_0.onnx,vnnlib/medical/hyperrectangle_1512.vnnlib,prepared,unsat,5.06
safenlp_2024,onnx/ruarobot/perturbations_0.onnx,vnnlib/ruarobot/hyperrectangle_5258.vnnlib,prepared,unsat,21.89
safenlp_2024,onnx/ruarobot/perturbations_0.onnx,vnnlib/ruarobot/hyperrectangle_2039.vnnlib,prepared,sat,0.05
safenlp_2024,onnx/ruarobot/perturbations_0.onnx,vnnlib/ruarobot/hyperrectangle_4889.vnnlib,prepared,unsat,5.27
safenlp_2024,onnx/ruarobot/perturbations_0.onnx,vnnlib/ruarobot/hyperrectangle_6013.vnnlib,prepared,unsat,17
safenlp_2024,onnx/medical/perturbations_0.onnx,vnnlib/medical/hyperrectangle_308.vnnlib,prepared,unsat,5.04
safenlp_2024,onnx/ruarobot/perturbations_0.onnx,vnnlib/ruarobot/hyperrectangle_1841.vnnlib,prepared,sat,0.05
safenlp_2024,onnx/medical/perturbations_0.onnx,vnnlib/medical/hyperrectangle_447.vnnlib,prepared,sat,1.48
safenlp_2024,onnx/medical/perturbations_0.onnx,vnnlib/medical/hyperrectangle_232.vnnlib,prepared,unsat,5.08
safenlp_2024,onnx/ruarobot/perturbations_0.onnx,vnnlib/ruarobot/hyperrectangle_2094.vnnlib,prepared,sat,0.04
safenlp_2024,onnx/ruarobot/perturbations_0.onnx,vnnlib/ruarobot/hyperrectangle_345.vnnlib,prepared,sat,0.05
safenlp_2024,onnx/ruarobot/perturbations_0.onnx,vnnlib/ruarobot/hyperrectangle_3977.vnnlib,prepared,sat,0.03
safenlp_2024,onnx/medical/perturbations_0.onnx,vnnlib/medical/hyperrectangle_75.vnnlib,prepared,unsat,0.04
safenlp_2024,onnx/medical/perturbations_0.onnx,vnnlib/medical/hyperrectangle_2091.vnnlib,prepared,sat,0.04
safenlp_2024,onnx/ruarobot/perturbations_0.onnx,vnnlib/ruarobot/hyperrectangle_608.vnnlib,prepared,sat,0.05
safenlp_2024,onnx/ruarobot/perturbations_0.onnx,vnnlib/ruarobot/hyperrectangle_2981.vnnlib,prepared,unsat,23
safenlp_2024,onnx/medical/perturbations_0.onnx,vnnlib/medical/hyperrectangle_2525.vnnlib,prepared,unsat,5.06
safenlp_2024,onnx/ruarobot/perturbations_0.onnx,vnnlib/ruarobot/hyperrectangle_7164.vnnlib,prepared,sat,0.56
safenlp_2024,onnx/ruarobot/perturbations_0.onnx,vnnlib/ruarobot/hyperrectangle_6249.vnnlib,prepared,sat,0.04
safenlp_2024,onnx/ruarobot/perturbations_0.onnx,vnnlib/ruarobot/hyperrectangle_541.vnnlib,prepared,sat,0.04
safenlp_2024,onnx/ruarobot/perturbations_0.onnx,vnnlib/ruarobot/hyperrectangle_6427.vnnlib,prepared,sat,0.04
safenlp_2024,onnx/ruarobot/perturbations_0.onnx,vnnlib/ruarobot/hyperrectangle_1176.vnnlib,prepared,sat,0.04
safenlp_2024,onnx/ruarobot/perturbations_0.onnx,vnnlib/ruarobot/hyperrectangle_282.vnnlib,prepared,unsat,27.91
safenlp_2024,onnx/ruarobot/perturbations_0.onnx,vnnlib/ruarobot/hyperrectangle_1177.vnnlib,prepared,sat,0.05
safenlp_2024,onnx/ruarobot/perturbations_0.onnx,vnnlib/ruarobot/hyperrectangle_6183.vnnlib,prepared,sat,0.04
safenlp_2024,onnx/medical/perturbations_0.onnx,vnnlib/medical/hyperrectangle_2806.vnnlib,prepared,unsat,0.04
safenlp_2024,onnx/ruarobot/perturbations_0.onnx,vnnlib/ruarobot/hyperrectangle_5716.vnnlib,prepared,sat,0.05
safenlp_2024,onnx/ruarobot/perturbations_0.onnx,vnnlib/ruarobot/hyperrectangle_5966.vnnlib,prepared,sat,0.04
safenlp_2024,onnx/ruarobot/perturbations_0.onnx,vnnlib/ruarobot/hyperrectangle_1711.vnnlib,prepared,sat,0.04
safenlp_2024,onnx/ruarobot/perturbations_0.onnx,vnnlib/ruarobot/hyperrectangle_3447.vnnlib,prepared,unsat,25.59
safenlp_2024,onnx/medical/perturbations_0.onnx,vnnlib/medical/hyperrectangle_2596.vnnlib,prepared,unsat,5.04
safenlp_2024,onnx/ruarobot/perturbations_0.onnx,vnnlib/ruarobot/hyperrectangle_1242.vnnlib,prepared,sat,0.04
safenlp_2024,onnx/ruarobot/perturbations_0.onnx,vnnlib/ruarobot/hyperrectangle_975.vnnlib,prepared,sat,0.04
safenlp_2024,onnx/ruarobot/perturbations_0.onnx,vnnlib/ruarobot/hyperrectangle_4467.vnnlib,prepared,sat,0.29
safenlp_2024,onnx/ruarobot/perturbations_0.onnx,vnnlib/ruarobot/hyperrectangle_6342.vnnlib,prepared,sat,0.04
safenlp_2024,onnx/ruarobot/perturbations_0.onnx,vnnlib/ruarobot/hyperrectangle_2428.vnnlib,prepared,sat,0.04
safenlp_2024,onnx/ruarobot/perturbations_0.onnx,vnnlib/ruarobot/hyperrectangle_1489.vnnlib,prepared,timeout,26.11
safenlp_2024,onnx/medical/perturbations_0.onnx,vnnlib/medical/hyperrectangle_1084.vnnlib,prepared,unsat,5.04
safenlp_2024,onnx/ruarobot/perturbations_0.onnx,vnnlib/ruarobot/hyperrectangle_5072.vnnlib,prepared,sat,0.07
safenlp_2024,onnx/ruarobot/perturbations_0.onnx,vnnlib/ruarobot/hyperrectangle_2695.vnnlib,prepared,sat,0.04
safenlp_2024,onnx/medical/perturbations_0.onnx,vnnlib/medical/hyperrectangle_1793.vnnlib,prepared,unsat,5.06
safenlp_2024,onnx/ruarobot/perturbations_0.onnx,vnnlib/ruarobot/hyperrectangle_7288.vnnlib,prepared,timeout,29.49
safenlp_2024,onnx/medical/perturbations_0.onnx,vnnlib/medical/hyperrectangle_243.vnnlib,prepared,unsat,5.15
safenlp_2024,onnx/ruarobot/perturbations_0.onnx,vnnlib/ruarobot/hyperrectangle_4041.vnnlib,prepared,sat,0.04
safenlp_2024,onnx/medical/perturbations_0.onnx,vnnlib/medical/hyperrectangle_920.vnnlib,prepared,unsat,5.07
safenlp_2024,onnx/medical/perturbations_0.onnx,vnnlib/medical/hyperrectangle_1611.vnnlib,prepared,unsat,5.15
safenlp_2024,onnx/medical/perturbations_0.onnx,vnnlib/medical/hyperrectangle_1434.vnnlib,prepared,unsat,5.17
safenlp_2024,onnx/ruarobot/perturbations_0.onnx,vnnlib/ruarobot/hyperrectangle_9.vnnlib,prepared,sat,0.04
safenlp_2024,onnx/ruarobot/perturbations_0.onnx,vnnlib/ruarobot/hyperrectangle_5682.vnnlib,prepared,sat,0.04
safenlp_2024,onnx/ruarobot/perturbations_0.onnx,vnnlib/ruarobot/hyperrectangle_6522.vnnlib,prepared,sat,0.05
safenlp_2024,onnx/ruarobot/perturbations_0.onnx,vnnlib/ruarobot/hyperrectangle_4802.vnnlib,prepared,sat,0.04
safenlp_2024,onnx/medical/perturbations_0.onnx,vnnlib/medical/hyperrectangle_1769.vnnlib,prepared,unsat,5.08
safenlp_2024,onnx/ruarobot/perturbations_0.onnx,vnnlib/ruarobot/hyperrectangle_5498.vnnlib,prepared,sat,0.08
safenlp_2024,onnx/ruarobot/perturbations_0.onnx,vnnlib/ruarobot/hyperrectangle_3040.vnnlib,prepared,unsat,5.05
safenlp_2024,onnx/ruarobot/perturbations_0.onnx,vnnlib/ruarobot/hyperrectangle_4411.vnnlib,prepared,sat,0.05
safenlp_2024,onnx/ruarobot/perturbations_0.onnx,vnnlib/ruarobot/hyperrectangle_661.vnnlib,prepared,sat,0.06
safenlp_2024,onnx/ruarobot/perturbations_0.onnx,vnnlib/ruarobot/hyperrectangle_6187.vnnlib,prepared,sat,0.06
safenlp_2024,onnx/ruarobot/perturbations_0.onnx,vnnlib/ruarobot/hyperrectangle_5398.vnnlib,prepared,timeout,30.57
safenlp_2024,onnx/ruarobot/perturbations_0.onnx,vnnlib/ruarobot/hyperrectangle_2746.vnnlib,prepared,sat,0.04
safenlp_2024,onnx/ruarobot/perturbations_0.onnx,vnnlib/ruarobot/hyperrectangle_315.vnnlib,prepared,sat,1.84
safenlp_2024,onnx/ruarobot/perturbations_0.onnx,vnnlib/ruarobot/hyperrectangle_5644.vnnlib,prepared,sat,0.04
safenlp_2024,onnx/ruarobot/perturbations_0.onnx,vnnlib/ruarobot/hyperrectangle_3110.vnnlib,prepared,sat,0.04
safenlp_2024,onnx/ruarobot/perturbations_0.onnx,vnnlib/ruarobot/hyperrectangle_3945.vnnlib,prepared,unsat,27.02
safenlp_2024,onnx/ruarobot/perturbations_0.onnx,vnnlib/ruarobot/hyperrectangle_2132.vnnlib,prepared,timeout,30.15
safenlp_2024,onnx/ruarobot/perturbations_0.onnx,vnnlib/ruarobot/hyperrectangle_5429.vnnlib,prepared,sat,0.04
safenlp_2024,onnx/medical/perturbations_0.onnx,vnnlib/medical/hyperrectangle_279.vnnlib,prepared,unsat,5.09
safenlp_2024,onnx/ruarobot/perturbations_0.onnx,vnnlib/ruarobot/hyperrectangle_6561.vnnlib,prepared,sat,0.04
safenlp_2024,onnx/ruarobot/perturbations_0.onnx,vnnlib/ruarobot/hyperrectangle_2371.vnnlib,prepared,sat,0.04
safenlp_2024,onnx/ruarobot/perturbations_0.onnx,vnnlib/ruarobot/hyperrectangle_1327.vnnlib,prepared,unsat,22
safenlp_2024,onnx/medical/perturbations_0.onnx,vnnlib/medical/hyperrectangle_1411.vnnlib,prepared,sat,0.03
safenlp_2024,onnx/medical/perturbations_0.onnx,vnnlib/medical/hyperrectangle_1626.vnnlib,prepared,unsat,5.09
safenlp_2024,onnx/ruarobot/perturbations_0.onnx,vnnlib/ruarobot/hyperrectangle_2307.vnnlib,prepared,sat,0.07
safenlp_2024,onnx/medical/perturbations_0.onnx,vnnlib/medical/hyperrectangle_631.vnnlib,prepared,unsat,0.04
safenlp_2024,onnx/ruarobot/perturbations_0.onnx,vnnlib/ruarobot/hyperrectangle_3954.vnnlib,prepared,timeout,30.34
safenlp_2024,onnx/ruarobot/perturbations_0.onnx,vnnlib/ruarobot/hyperrectangle_909.vnnlib,prepared,sat,0.04
safenlp_2024,onnx/ruarobot/perturbations_0.onnx,vnnlib/ruarobot/hyperrectangle_7018.vnnlib,prepared,sat,1.80
safenlp_2024,onnx/ruarobot/perturbations_0.onnx,vnnlib/ruarobot/hyperrectangle_5392.vnnlib,prepared,unsat,21
safenlp_2024,onnx/ruarobot/perturbations_0.onnx,vnnlib/ruarobot/hyperrectangle_6408.vnnlib,prepared,sat,0.05
safenlp_2024,onnx/ruarobot/perturbations_0.onnx,vnnlib/ruarobot/hyperrectangle_2738.vnnlib,prepared,sat,0.04
safenlp_2024,onnx/ruarobot/perturbations_0.onnx,vnnlib/ruarobot/hyperrectangle_5346.vnnlib,prepared,sat,0.03
safenlp_2024,onnx/medical/perturbations_0.onnx,vnnlib/medical/hyperrectangle_613.vnnlib,prepared,sat,0.04
safenlp_2024,onnx/ruarobot/perturbations_0.onnx,vnnlib/ruarobot/hyperrectangle_239.vnnlib,prepared,sat,0.08
safenlp_2024,onnx/ruarobot/perturbations_0.onnx,vnnlib/ruarobot/hyperrectangle_4417.vnnlib,prepared,sat,0.05
safenlp_2024,onnx/ruarobot/perturbations_0.onnx,vnnlib/ruarobot/hyperrectangle_7482.vnnlib,prepared,sat,0.08
safenlp_2024,onnx/ruarobot/perturbations_0.onnx,vnnlib/ruarobot/hyperrectangle_6038.vnnlib,prepared,sat,0.08
safenlp_2024,onnx/ruarobot/perturbations_0.onnx,vnnlib/ruarobot/hyperrectangle_4987.vnnlib,prepared,sat,0.05
safenlp_2024,onnx/ruarobot/perturbations_0.onnx,vnnlib/ruarobot/hyperrectangle_6526.vnnlib,prepared,unsat,5.09
safenlp_2024,onnx/ruarobot/perturbations_0.onnx,vnnlib/ruarobot/hyperrectangle_3339.vnnlib,prepared,unsat,5.06
safenlp_2024,onnx/medical/perturbations_0.onnx,vnnlib/medical/hyperrectangle_1427.vnnlib,prepared,unsat,0.04
safenlp_2024,onnx/ruarobot/perturbations_0.onnx,vnnlib/ruarobot/hyperrectangle_872.vnnlib,prepared,sat,0.04
safenlp_2024,onnx/medical/perturbations_0.onnx,vnnlib/medical/hyperrectangle_1290.vnnlib,prepared,unsat,0.05
safenlp_2024,onnx/medical/perturbations_0.onnx,vnnlib/medical/hyperrectangle_1818.vnnlib,prepared,sat,0.04
safenlp_2024,onnx/ruarobot/perturbations_0.onnx,vnnlib/ruarobot/hyperrectangle_1.vnnlib,prepared,sat,0.04
safenlp_2024,onnx/ruarobot/perturbations_0.onnx,vnnlib/ruarobot/hyperrectangle_3670.vnnlib,prepared,unsat,5.09
safenlp_2024,onnx/medical/perturbations_0.onnx,vnnlib/medical/hyperrectangle_1123.vnnlib,prepared,unsat,5.05
safenlp_2024,onnx/ruarobot/perturbations_0.onnx,vnnlib/ruarobot/hyperrectangle_6143.vnnlib,prepared,sat,0.06
safenlp_2024,onnx/ruarobot/perturbations_0.onnx,vnnlib/ruarobot/hyperrectangle_675.vnnlib,prepared,sat,0.80
safenlp_2024,onnx/medical/perturbations_0.onnx,vnnlib/medical/hyperrectangle_1408.vnnlib,prepared,unsat,5.04
safenlp_2024,onnx/ruarobot/perturbations_0.onnx,vnnlib/ruarobot/hyperrectangle_2191.vnnlib,prepared,sat,0.04
safenlp_2024,onnx/ruarobot/perturbations_0.onnx,vnnlib/ruarobot/hyperrectangle_7043.vnnlib,prepared,sat,0.04
safenlp_2024,onnx/ruarobot/perturbations_0.onnx,vnnlib/ruarobot/hyperrectangle_4942.vnnlib,prepared,unsat,24.92
safenlp_2024,onnx/ruarobot/perturbations_0.onnx,vnnlib/ruarobot/hyperrectangle_3512.vnnlib,prepared,unsat,5.11
safenlp_2024,onnx/ruarobot/perturbations_0.onnx,vnnlib/ruarobot/hyperrectangle_1589.vnnlib,prepared,sat,0.05
safenlp_2024,onnx/ruarobot/perturbations_0.onnx,vnnlib/ruarobot/hyperrectangle_876.vnnlib,prepared,sat,0.05
safenlp_2024,onnx/ruarobot/perturbations_0.onnx,vnnlib/ruarobot/hyperrectangle_3778.vnnlib,prepared,sat,0.04
safenlp_2024,onnx/ruarobot/perturbations_0.onnx,vnnlib/ruarobot/hyperrectangle_4274.vnnlib,prepared,sat,0.04
safenlp_2024,onnx/ruarobot/perturbations_0.onnx,vnnlib/ruarobot/hyperrectangle_6685.vnnlib,prepared,sat,0.04
safenlp_2024,onnx/ruarobot/perturbations_0.onnx,vnnlib/ruarobot/hyperrectangle_597.vnnlib,prepared,sat,0.05
safenlp_2024,onnx/medical/perturbations_0.onnx,vnnlib/medical/hyperrectangle_1005.vnnlib,prepared,unsat,5.10
safenlp_2024,onnx/ruarobot/perturbations_0.onnx,vnnlib/ruarobot/hyperrectangle_1777.vnnlib,prepared,unsat,8.60
safenlp_2024,onnx/ruarobot/perturbations_0.onnx,vnnlib/ruarobot/hyperrectangle_5766.vnnlib,prepared,sat,0.04
safenlp_2024,onnx/ruarobot/perturbations_0.onnx,vnnlib/ruarobot/hyperrectangle_6529.vnnlib,prepared,sat,0.04
safenlp_2024,onnx/ruarobot/perturbations_0.onnx,vnnlib/ruarobot/hyperrectangle_6095.vnnlib,prepared,sat,0.04
safenlp_2024,onnx/ruarobot/perturbations_0.onnx,vnnlib/ruarobot/hyperrectangle_6829.vnnlib,prepared,sat,0.08
safenlp_2024,onnx/ruarobot/perturbations_0.onnx,vnnlib/ruarobot/hyperrectangle_109.vnnlib,prepared,sat,0.04
safenlp_2024,onnx/medical/perturbations_0.onnx,vnnlib/medical/hyperrectangle_127.vnnlib,prepared,unsat,5.06
safenlp_2024,onnx/medical/perturbations_0.onnx,vnnlib/medical/hyperrectangle_592.vnnlib,prepared,unsat,0.06
safenlp_2024,onnx/ruarobot/perturbations_0.onnx,vnnlib/ruarobot/hyperrectangle_1106.vnnlib,prepared,sat,0.04
safenlp_2024,onnx/medical/perturbations_0.onnx,vnnlib/medical/hyperrectangle_732.vnnlib,prepared,sat,0.18
safenlp_2024,onnx/ruarobot/perturbations_0.onnx,vnnlib/ruarobot/hyperrectangle_2640.vnnlib,prepared,sat,0.04
safenlp_2024,onnx/ruarobot/perturbations_0.onnx,vnnlib/ruarobot/hyperrectangle_5247.vnnlib,prepared,sat,0.04
safenlp_2024,onnx/ruarobot/perturbations_0.onnx,vnnlib/ruarobot/hyperrectangle_5520.vnnlib,prepared,unsat,5.44
safenlp_2024,onnx/ruarobot/perturbations_0.onnx,vnnlib/ruarobot/hyperrectangle_2851.vnnlib,prepared,sat,0.04
safenlp_2024,onnx/ruarobot/perturbations_0.onnx,vnnlib/ruarobot/hyperrectangle_5875.vnnlib,prepared,sat,0.04
safenlp_2024,onnx/ruarobot/perturbations_0.onnx,vnnlib/ruarobot/hyperrectangle_5758.vnnlib,prepared,unsat,5.17
safenlp_2024,onnx/medical/perturbations_0.onnx,vnnlib/medical/hyperrectangle_2404.vnnlib,prepared,sat,0.04
safenlp_2024,onnx/medical/perturbations_0.onnx,vnnlib/medical/hyperrectangle_1319.vnnlib,prepared,unsat,5.05
safenlp_2024,onnx/ruarobot/perturbations_0.onnx,vnnlib/ruarobot/hyperrectangle_5642.vnnlib,prepared,sat,0.13
safenlp_2024,onnx/medical/perturbations_0.onnx,vnnlib/medical/hyperrectangle_278.vnnlib,prepared,unsat,5.06
safenlp_2024,onnx/medical/perturbations_0.onnx,vnnlib/medical/hyperrectangle_2882.vnnlib,prepared,sat,19
safenlp_2024,onnx/ruarobot/perturbations_0.onnx,vnnlib/ruarobot/hyperrectangle_7891.vnnlib,prepared,sat,0.04
safenlp_2024,onnx/ruarobot/perturbations_0.onnx,vnnlib/ruarobot/hyperrectangle_6943.vnnlib,prepared,sat,0.04
safenlp_2024,onnx/ruarobot/perturbations_0.onnx,vnnlib/ruarobot/hyperrectangle_6716.vnnlib,prepared,sat,0.04
safenlp_2024,onnx/medical/perturbations_0.onnx,vnnlib/medical/hyperrectangle_1396.vnnlib,prepared,unsat,5.06
safenlp_2024,onnx/ruarobot/perturbations_0.onnx,vnnlib/ruarobot/hyperrectangle_246.vnnlib,prepared,sat,0.04
safenlp_2024,onnx/ruarobot/perturbations_0.onnx,vnnlib/ruarobot/hyperrectangle_1411.vnnlib,prepared,sat,0.08
safenlp_2024,onnx/medical/perturbations_0.onnx,vnnlib/medical/hyperrectangle_1914.vnnlib,prepared,unsat,5.06
safenlp_2024,onnx/ruarobot/perturbations_0.onnx,vnnlib/ruarobot/hyperrectangle_5232.vnnlib,prepared,sat,0.04
safenlp_2024,onnx/ruarobot/perturbations_0.onnx,vnnlib/ruarobot/hyperrectangle_7002.vnnlib,prepared,sat,0.08
safenlp_2024,onnx/ruarobot/perturbations_0.onnx,vnnlib/ruarobot/hyperrectangle_5198.vnnlib,prepared,sat,0.04
safenlp_2024,onnx/ruarobot/perturbations_0.onnx,vnnlib/ruarobot/hyperrectangle_4034.vnnlib,prepared,sat,0.04
safenlp_2024,onnx/ruarobot/perturbations_0.onnx,vnnlib/ruarobot/hyperrectangle_7084.vnnlib,prepared,sat,0.04
safenlp_2024,onnx/medical/perturbations_0.onnx,vnnlib/medical/hyperrectangle_1610.vnnlib,prepared,unsat,0.04
safenlp_2024,onnx/medical/perturbations_0.onnx,vnnlib/medical/hyperrectangle_2110.vnnlib,0,unsat,13,seal-safenlp-u1012-20260720T204648Z
safenlp_2024,onnx/ruarobot/perturbations_0.onnx,vnnlib/ruarobot/hyperrectangle_4368.vnnlib,prepared,sat,0.04
safenlp_2024,onnx/ruarobot/perturbations_0.onnx,vnnlib/ruarobot/hyperrectangle_1204.vnnlib,prepared,sat,0.04
safenlp_2024,onnx/ruarobot/perturbations_0.onnx,vnnlib/ruarobot/hyperrectangle_3177.vnnlib,prepared,sat,0.04
safenlp_2024,onnx/medical/perturbations_0.onnx,vnnlib/medical/hyperrectangle_168.vnnlib,prepared,unsat,5.62
safenlp_2024,onnx/ruarobot/perturbations_0.onnx,vnnlib/ruarobot/hyperrectangle_5250.vnnlib,prepared,sat,0.04
safenlp_2024,onnx/ruarobot/perturbations_0.onnx,vnnlib/ruarobot/hyperrectangle_2157.vnnlib,prepared,sat,0.05
safenlp_2024,onnx/ruarobot/perturbations_0.onnx,vnnlib/ruarobot/hyperrectangle_4240.vnnlib,prepared,sat,0.04
safenlp_2024,onnx/medical/perturbations_0.onnx,vnnlib/medical/hyperrectangle_2371.vnnlib,prepared,sat,0.04
safenlp_2024,onnx/ruarobot/perturbations_0.onnx,vnnlib/ruarobot/hyperrectangle_183.vnnlib,prepared,unsat,5.16
safenlp_2024,onnx/ruarobot/perturbations_0.onnx,vnnlib/ruarobot/hyperrectangle_3734.vnnlib,prepared,sat,1.41
safenlp_2024,onnx/ruarobot/perturbations_0.onnx,vnnlib/ruarobot/hyperrectangle_7150.vnnlib,prepared,sat,0.05
safenlp_2024,onnx/ruarobot/perturbations_0.onnx,vnnlib/ruarobot/hyperrectangle_5914.vnnlib,prepared,unsat,5.06
safenlp_2024,onnx/ruarobot/perturbations_0.onnx,vnnlib/ruarobot/hyperrectangle_2759.vnnlib,prepared,sat,0.04
safenlp_2024,onnx/medical/perturbations_0.onnx,vnnlib/medical/hyperrectangle_1999.vnnlib,prepared,unsat,5.07
safenlp_2024,onnx/ruarobot/perturbations_0.onnx,vnnlib/ruarobot/hyperrectangle_3781.vnnlib,prepared,unsat,5.49
safenlp_2024,onnx/ruarobot/perturbations_0.onnx,vnnlib/ruarobot/hyperrectangle_7251.vnnlib,prepared,sat,0.04
safenlp_2024,onnx/ruarobot/perturbations_0.onnx,vnnlib/ruarobot/hyperrectangle_3006.vnnlib,prepared,sat,0.04
safenlp_2024,onnx/ruarobot/perturbations_0.onnx,vnnlib/ruarobot/hyperrectangle_3304.vnnlib,prepared,sat,0.04
safenlp_2024,onnx/medical/perturbations_0.onnx,vnnlib/medical/hyperrectangle_2731.vnnlib,prepared,unsat,5.06
safenlp_2024,onnx/medical/perturbations_0.onnx,vnnlib/medical/hyperrectangle_719.vnnlib,prepared,unsat,5.09
safenlp_2024,onnx/ruarobot/perturbations_0.onnx,vnnlib/ruarobot/hyperrectangle_5168.vnnlib,prepared,sat,0.13
safenlp_2024,onnx/ruarobot/perturbations_0.onnx,vnnlib/ruarobot/hyperrectangle_3081.vnnlib,prepared,sat,0.04
safenlp_2024,onnx/medical/perturbations_0.onnx,vnnlib/medical/hyperrectangle_2603.vnnlib,prepared,unsat,5.05
safenlp_2024,onnx/ruarobot/perturbations_0.onnx,vnnlib/ruarobot/hyperrectangle_3689.vnnlib,prepared,unsat,26.07
safenlp_2024,onnx/medical/perturbations_0.onnx,vnnlib/medical/hyperrectangle_1143.vnnlib,prepared,unsat,5.07
safenlp_2024,onnx/medical/perturbations_0.onnx,vnnlib/medical/hyperrectangle_824.vnnlib,prepared,unsat,5.08
safenlp_2024,onnx/medical/perturbations_0.onnx,vnnlib/medical/hyperrectangle_795.vnnlib,prepared,unsat,19
safenlp_2024,onnx/ruarobot/perturbations_0.onnx,vnnlib/ruarobot/hyperrectangle_4896.vnnlib,prepared,sat,0.05
safenlp_2024,onnx/ruarobot/perturbations_0.onnx,vnnlib/ruarobot/hyperrectangle_7140.vnnlib,prepared,sat,0.14
safenlp_2024,onnx/ruarobot/perturbations_0.onnx,vnnlib/ruarobot/hyperrectangle_735.vnnlib,prepared,sat,0.05
safenlp_2024,onnx/ruarobot/perturbations_0.onnx,vnnlib/ruarobot/hyperrectangle_868.vnnlib,prepared,sat,0.05
safenlp_2024,onnx/ruarobot/perturbations_0.onnx,vnnlib/ruarobot/hyperrectangle_1913.vnnlib,prepared,sat,0.05
safenlp_2024,onnx/medical/perturbations_0.onnx,vnnlib/medical/hyperrectangle_2160.vnnlib,prepared,unsat,5.08
safenlp_2024,onnx/ruarobot/perturbations_0.onnx,vnnlib/ruarobot/hyperrectangle_910.vnnlib,prepared,sat,0.05
safenlp_2024,onnx/medical/perturbations_0.onnx,vnnlib/medical/hyperrectangle_1220.vnnlib,prepared,unsat,5.06
safenlp_2024,onnx/ruarobot/perturbations_0.onnx,vnnlib/ruarobot/hyperrectangle_593.vnnlib,prepared,sat,0.04
safenlp_2024,onnx/ruarobot/perturbations_0.onnx,vnnlib/ruarobot/hyperrectangle_7676.vnnlib,prepared,timeout,30.19
safenlp_2024,onnx/ruarobot/perturbations_0.onnx,vnnlib/ruarobot/hyperrectangle_5921.vnnlib,prepared,sat,0.04
safenlp_2024,onnx/ruarobot/perturbations_0.onnx,vnnlib/ruarobot/hyperrectangle_7792.vnnlib,prepared,sat,0.04
safenlp_2024,onnx/ruarobot/perturbations_0.onnx,vnnlib/ruarobot/hyperrectangle_3500.vnnlib,prepared,sat,0.04
safenlp_2024,onnx/ruarobot/perturbations_0.onnx,vnnlib/ruarobot/hyperrectangle_7272.vnnlib,prepared,sat,0.04
safenlp_2024,onnx/medical/perturbations_0.onnx,vnnlib/medical/hyperrectangle_1314.vnnlib,prepared,unsat,5.03
safenlp_2024,onnx/ruarobot/perturbations_0.onnx,vnnlib/ruarobot/hyperrectangle_6259.vnnlib,prepared,sat,0.04
safenlp_2024,onnx/ruarobot/perturbations_0.onnx,vnnlib/ruarobot/hyperrectangle_6014.vnnlib,prepared,sat,0.04
safenlp_2024,onnx/ruarobot/perturbations_0.onnx,vnnlib/ruarobot/hyperrectangle_7773.vnnlib,prepared,sat,0.04
safenlp_2024,onnx/ruarobot/perturbations_0.onnx,vnnlib/ruarobot/hyperrectangle_337.vnnlib,prepared,sat,0.04
safenlp_2024,onnx/ruarobot/perturbations_0.onnx,vnnlib/ruarobot/hyperrectangle_3241.vnnlib,prepared,unsat,26.00
safenlp_2024,onnx/ruarobot/perturbations_0.onnx,vnnlib/ruarobot/hyperrectangle_396.vnnlib,prepared,sat,0.05
safenlp_2024,onnx/ruarobot/perturbations_0.onnx,vnnlib/ruarobot/hyperrectangle_79.vnnlib,prepared,sat,0.04
safenlp_2024,onnx/ruarobot/perturbations_0.onnx,vnnlib/ruarobot/hyperrectangle_5579.vnnlib,prepared,sat,0.08
safenlp_2024,onnx/ruarobot/perturbations_0.onnx,vnnlib/ruarobot/hyperrectangle_7249.vnnlib,prepared,sat,0.04
safenlp_2024,onnx/medical/perturbations_0.onnx,vnnlib/medical/hyperrectangle_1503.vnnlib,prepared,unsat,5.04
safenlp_2024,onnx/ruarobot/perturbations_0.onnx,vnnlib/ruarobot/hyperrectangle_2905.vnnlib,prepared,sat,0.04
safenlp_2024,onnx/ruarobot/perturbations_0.onnx,vnnlib/ruarobot/hyperrectangle_4272.vnnlib,prepared,unsat,5.10
safenlp_2024,onnx/ruarobot/perturbations_0.onnx,vnnlib/ruarobot/hyperrectangle_4770.vnnlib,prepared,sat,0.04
safenlp_2024,onnx/medical/perturbations_0.onnx,vnnlib/medical/hyperrectangle_71.vnnlib,prepared,sat,0.04
safenlp_2024,onnx/medical/perturbations_0.onnx,vnnlib/medical/hyperrectangle_2743.vnnlib,prepared,unsat,5.08
safenlp_2024,onnx/medical/perturbations_0.onnx,vnnlib/medical/hyperrectangle_2511.vnnlib,prepared,sat,0.04
safenlp_2024,onnx/ruarobot/perturbations_0.onnx,vnnlib/ruarobot/hyperrectangle_5137.vnnlib,prepared,sat,0.05
safenlp_2024,onnx/ruarobot/perturbations_0.onnx,vnnlib/ruarobot/hyperrectangle_5623.vnnlib,prepared,unsat,18.69
safenlp_2024,onnx/ruarobot/perturbations_0.onnx,vnnlib/ruarobot/hyperrectangle_4634.vnnlib,prepared,sat,0.06
safenlp_2024,onnx/ruarobot/perturbations_0.onnx,vnnlib/ruarobot/hyperrectangle_1452.vnnlib,prepared,sat,0.06
safenlp_2024,onnx/ruarobot/perturbations_0.onnx,vnnlib/ruarobot/hyperrectangle_1707.vnnlib,prepared,sat,0.04
safenlp_2024,onnx/ruarobot/perturbations_0.onnx,vnnlib/ruarobot/hyperrectangle_1392.vnnlib,prepared,sat,0.04
safenlp_2024,onnx/ruarobot/perturbations_0.onnx,vnnlib/ruarobot/hyperrectangle_7479.vnnlib,prepared,sat,0.04
safenlp_2024,onnx/ruarobot/perturbations_0.onnx,vnnlib/ruarobot/hyperrectangle_6678.vnnlib,prepared,sat,0.04
safenlp_2024,onnx/ruarobot/perturbations_0.onnx,vnnlib/ruarobot/hyperrectangle_6534.vnnlib,prepared,unsat,5.06
safenlp_2024,onnx/ruarobot/perturbations_0.onnx,vnnlib/ruarobot/hyperrectangle_1103.vnnlib,prepared,sat,0.04
safenlp_2024,onnx/test_nano.onnx,vnnlib/test_nano.vnnlib,0,unsat,0
